session_id,hash,sma_fast,sma_slow,bull_allocation,bear_allocation,use_cash_zone,mixed_allocation,mixed_instrument,rebalance_threshold,max_drawdown_exit,confirmation_days,algorithm_name,total_return,sharpe_ratio,max_drawdown,win_rate,total_trades,profit_factor,cagr,avg_win,avg_loss,calmar_ratio
POSTREND_20260207_170117_82156879,d41b4b07c07c,50,200,0.9,0.5,True,0.3,tqqq,0.05,0.0,1,TQQQPositionTrendAlgorithm,0.40409999999999996,0.454,0.281,0.5556,9,3.6269,0.3882,12156.874,-4189.87,3.8303
POSTREND_20260207_170137_0e332998,f80749a2da9f,50,200,0.9,0.5,True,0.3,tqqq,0.05,0.0,3,TQQQPositionTrendAlgorithm,0.2208,0.2444,0.312,0.5,6,2.5954,0.21265,14804.39,-5704.16,2.8061
POSTREND_20260207_170156_fb9604aa,df1195ea4323,50,200,0.9,0.5,False,0.3,tqqq,0.05,0.0,1,TQQQPositionTrendAlgorithm,0.4496,0.5461,0.294,0.7333,15,4.6713,0.43164,5601.6045,-3297.7,4.2133
POSTREND_20260207_170211_91793117,4b07aab6e60b,50,200,0.95,0.6,True,0.3,tqqq,0.05,0.0,1,TQQQPositionTrendAlgorithm,0.39840000000000003,0.421,0.32799999999999996,0.5556,9,3.2586,0.38274,12593.504,-4830.815,3.17
POSTREND_20260207_170230_53a9fc72,e6fc94987a8a,50,200,0.8,0.4,True,0.3,tqqq,0.05,0.0,1,TQQQPositionTrendAlgorithm,0.37520000000000003,0.4785,0.231,0.5556,9,3.9645,0.36060000000000003,10875.234,-3428.9225,4.438
POSTREND_20260207_170245_399f13f5,8a3408f0bbd4,50,200,0.9,0.5,True,0.3,tqqq,0.05,0.25,1,TQQQPositionTrendAlgorithm,-0.0359,-0.3167,0.248,0.3333,3,0.4098,-0.03467,2489.4,-3037.35,-0.5902
POSTREND_20260207_170302_3af39a30,ffe6cfe0fce4,50,200,0.9,0.5,True,0.3,tqqq,0.05,0.3,1,TQQQPositionTrendAlgorithm,0.40409999999999996,0.454,0.281,0.5556,9,3.6269,0.3882,12156.874,-4189.87,3.8303
POSTREND_20260207_170322_332e551a,e2d2a7358e3f,50,200,0.9,0.0,True,0.0,tqqq,0.05,0.0,1,TQQQPositionTrendAlgorithm,0.5429999999999999,0.8265,0.184,0.6667,6,11.0697,0.52075,16016.0175,-2893.68,10.0697
POSTREND_20260207_170339_b7a39437,a376d1faaa7f,50,250,0.9,0.5,True,0.3,tqqq,0.05,0.0,1,TQQQPositionTrendAlgorithm,0.21719999999999998,0.1942,0.297,0.375,8,1.8101,0.20923999999999998,18514.4333,-6136.97,0.9517
POSTREND_20260207_170356_44b0a3ae,1df3e5d7a88d,50,250,0.9,0.5,True,0.3,tqqq,0.05,0.0,3,TQQQPositionTrendAlgorithm,-0.0611,-0.0194,0.33299999999999996,0.2,5,0.9411,-0.05907,33360.96,-8862.15,-0.0701
POSTREND_20260207_170411_e7cc2b2b,5b78eff03034,50,250,0.9,0.5,False,0.3,tqqq,0.05,0.0,1,TQQQPositionTrendAlgorithm,0.2463,0.2249,0.301,0.5714,14,2.0217,0.23709,6828.705,-4503.635,1.0799
POSTREND_20260207_170430_8496c20f,8a6b5f0d5ebb,50,250,0.95,0.6,True,0.3,tqqq,0.05,0.0,1,TQQQPositionTrendAlgorithm,0.1744,0.152,0.344,0.375,8,1.5891,0.16812000000000002,18560.0133,-7007.9,0.6795
POSTREND_20260207_170447_2205559c,de71bdde1979,50,250,0.8,0.4,True,0.3,tqqq,0.05,0.0,1,TQQQPositionTrendAlgorithm,0.22940000000000002,0.221,0.24600000000000002,0.4444,9,2.0073,0.22088999999999998,12825.37,-5111.61,1.1981
POSTREND_20260207_170509_6583473b,c75c01349009,50,250,0.9,0.0,True,0.0,tqqq,0.05,0.0,1,TQQQPositionTrendAlgorithm,0.5874,0.566,0.184,0.5,6,7.533,0.56296,24146.8,-3205.4733,10.5523
POSTREND_20260207_170530_6d1ed69d,046b48607aa8,50,250,0.9,0.5,True,0.3,tqqq,0.05,0.25,1,TQQQPositionTrendAlgorithm,-0.2248,-0.8096,0.262,0.0,2,0.0,-0.21813,0.0,-11238.75,-1.0
POSTREND_20260207_170547_d3ceb4b4,25f1b5ede1b3,50,250,0.9,0.5,True,0.3,tqqq,0.05,0.3,3,TQQQPositionTrendAlgorithm,-0.2977,-0.6903,0.302,0.0,3,0.0,-0.28933,0.0,-9923.45,-1.0
POSTREND_20260207_170604_5f66a3f5,148c42928462,20,200,0.9,0.5,True,0.3,tqqq,0.05,0.0,1,TQQQPositionTrendAlgorithm,0.1325,0.1293,0.23600000000000002,0.4,15,1.4257,0.1278,9024.8333,-4220.1011,0.9144
POSTREND_20260207_170621_92695cb7,cbd129e2f8e7,20,200,0.9,0.5,True,0.3,tqqq,0.05,0.0,3,TQQQPositionTrendAlgorithm,0.1008,0.2099,0.285,0.4286,7,1.9607,0.09727999999999999,10061.74,-3848.765,2.2214
POSTREND_20260207_170639_03c48dd6,9805d5ec9b6a,20,200,0.9,0.5,False,0.3,tqqq,0.05,0.0,1,TQQQPositionTrendAlgorithm,0.2772,0.2596,0.228,0.4444,27,2.0372,0.26672999999999997,5036.65,-1977.8853,2.8005
POSTREND_20260207_170656_ee66da14,42fbec031639,20,200,0.95,0.6,True,0.3,tqqq,0.05,0.0,1,TQQQPositionTrendAlgorithm,0.1193,0.114,0.266,0.4,15,1.3631,0.11506999999999999,9370.5683,-4583.0644,0.8066
POSTREND_20260207_170713_23f126ad,dabfc2d9bdb2,20,250,0.9,0.5,True,0.3,tqqq,0.05,0.0,1,TQQQPositionTrendAlgorithm,0.0366,0.0407,0.245,0.3077,13,1.1356,0.03531,13246.6,-5184.5711,0.307
POSTREND_20260207_170730_8fef2e0f,474d139741f6,20,250,0.9,0.5,True,0.3,tqqq,0.05,0.0,3,TQQQPositionTrendAlgorithm,-0.0304,0.0151,0.267,0.4,5,1.0442,-0.02935,13130.985,-8383.6167,0.0576
POSTREND_20260207_170745_7ea26fc6,562655cda7ff,100,200,0.9,0.5,True,0.3,tqqq,0.05,0.0,1,TQQQPositionTrendAlgorithm,0.29600000000000004,0.2462,0.336,0.5,6,2.6379,0.28474,12817.45,-4858.9667,1.6427
POSTREND_20260207_170806_2c748660,aab35637ab61,100,200,0.9,0.5,True,0.3,tqqq,0.05,0.0,5,TQQQPositionTrendAlgorithm,0.1895,-0.5509,0.38299999999999995,0.25,4,0.1066,0.18259,2140.05,-6692.1167,-0.8934
POSTREND_20260207_170823_cc285783,78417f6cecf8,100,200,0.9,0.5,False,0.5,tqqq,0.05,0.0,1,TQQQPositionTrendAlgorithm,0.3576,0.1623,0.305,0.5714,7,1.6438,0.34379,6057.12,-4913.0833,0.8447
POSTREND_20260207_170843_9d0ef373,f0f6ed31e9eb,100,250,0.9,0.5,True,0.3,tqqq,0.05,0.0,1,TQQQPositionTrendAlgorithm,0.11109999999999999,0.0663,0.314,0.4,5,1.2513,0.10714,15443.34,-8228.1667,0.2522
POSTREND_20260207_170858_921284ba,7d8b6f554bfd,100,250,0.9,0.5,True,0.3,tqqq,0.05,0.0,3,TQQQPositionTrendAlgorithm,0.0066,-0.6948,0.35100000000000003,0.0,3,0.0,0.00635,0.0,-10147.33,-1.0
POSTREND_20260207_170919_5e63c513,3ed8f90b16e0,50,150,0.9,0.5,True,0.3,tqqq,0.05,0.0,1,TQQQPositionTrendAlgorithm,0.2102,0.2628,0.314,0.4444,9,2.0492,0.20244,11783.1525,-4600.148,1.6244
POSTREND_20260207_170938_e3ab4034,eb373683d989,50,150,0.9,0.5,True,0.3,tqqq,0.05,0.0,3,TQQQPositionTrendAlgorithm,0.1873,0.2033,0.313,0.4286,7,2.1995,0.18045000000000003,14551.35,-4961.8225,2.4573
POSTREND_20260207_170955_b0340159,e0cae87f8b20,50,150,0.95,0.6,False,0.3,tqqq,0.05,0.0,1,TQQQPositionTrendAlgorithm,0.23620000000000002,0.2908,0.341,0.6,15,2.0845,0.22742,5714.6056,-4112.2967,1.3644
POSTREND_20260207_171010_c137379e,cf5c0c4a8c18,50,200,1.0,0.5,True,0.3,tqqq,0.05,0.0,1,TQQQPositionTrendAlgorithm,0.4668,0.4723,0.281,0.5556,9,3.8838,0.4481,13707.882,-4411.915,4.4278
POSTREND_20260207_171028_5cb056c6,0b9fcad781ab,50,200,0.9,0.5,True,0.5,sqqq,0.05,0.0,1,TQQQPositionTrendAlgorithm,0.40409999999999996,0.454,0.281,0.5556,9,3.6269,0.3882,12156.874,-4189.87,3.8303
POSTREND_20260207_180512_7bb61f94,bd2cc37c9b2e,50,200,0.9,0.5,True,0.3,tqqq,0.05,0.0,1,TQQQPositionTrendAlgorithm,5.1575,0.243,0.405,0.4789,71,2.4629,0.26902000000000004,26323.8638,-9821.5797,7.089
POSTREND_20260207_180551_78305770,adfa1132eef5,50,200,0.9,0.5,True,0.3,tqqq,0.05,0.0,3,TQQQPositionTrendAlgorithm,2.5082,0.2422,0.5870000000000001,0.5143,35,2.2305,0.17882,26769.8994,-12707.5682,5.919
POSTREND_20260207_180627_1dc942d2,2ab5fd7a1e2f,50,200,0.9,0.5,False,0.3,tqqq,0.05,0.0,1,TQQQPositionTrendAlgorithm,6.520499999999999,0.2755,0.467,0.5373,134,2.637,0.30272,14991.126,-6601.7205,5.3131
POSTREND_20260207_180702_44709bff,8dd2ca0c5897,50,200,0.95,0.6,True,0.3,tqqq,0.05,0.0,1,TQQQPositionTrendAlgorithm,5.111000000000001,0.2322,0.435,0.4714,70,2.3264,0.26776,28049.3061,-10753.7286,5.9783
POSTREND_20260207_180739_b58621aa,0d314f91442d,50,200,0.8,0.4,True,0.3,tqqq,0.05,0.0,1,TQQQPositionTrendAlgorithm,4.5742,0.2505,0.366,0.5195,77,2.5676,0.25257999999999997,19251.544,-8105.7897,7.3013
POSTREND_20260207_180810_68af2e8e,5ccaab382e44,50,200,0.9,0.5,True,0.3,tqqq,0.05,0.25,1,TQQQPositionTrendAlgorithm,-0.1103,-0.4856,0.281,0.2857,7,0.2388,-0.0152,1730.59,-2898.498,-0.82
POSTREND_20260207_180847_274198c6,24fbe6087285,50,200,0.9,0.5,True,0.3,tqqq,0.05,0.3,1,TQQQPositionTrendAlgorithm,-0.1152,-0.4554,0.29,0.25,8,0.2311,-0.01591,1730.59,-2496.6117,-0.8263
POSTREND_20260207_180921_d5aa457e,15e72d5db3c3,50,200,0.9,0.0,True,0.0,tqqq,0.05,0.0,1,TQQQPositionTrendAlgorithm,8.0157,0.3509,0.38799999999999996,0.5098,51,3.7172,0.33405999999999997,43397.7642,-12141.8608,12.8358
POSTREND_20260207_180952_696a391e,02f16cc124be,50,250,0.9,0.5,True,0.3,tqqq,0.05,0.0,1,TQQQPositionTrendAlgorithm,2.792,0.1734,0.499,0.4324,74,1.8509,0.1909,19643.0156,-8085.8555,3.5322
POSTREND_20260207_181025_7d3d7f6b,3976feaa6dd0,50,250,0.9,0.5,True,0.3,tqqq,0.05,0.0,3,TQQQPositionTrendAlgorithm,1.1806,0.1384,0.5539999999999999,0.4419,43,1.579,0.10759,18284.4984,-9167.4462,2.1977
POSTREND_20260207_181100_a2fb18c9,873c29527921,50,250,0.9,0.5,False,0.3,tqqq,0.05,0.0,1,TQQQPositionTrendAlgorithm,3.7866000000000004,0.2026,0.525,0.4648,142,1.9611,0.22782,12060.9886,-5340.9293,3.1532
POSTREND_20260207_181135_4ab8b092,945570c903a9,50,250,0.95,0.6,True,0.3,tqqq,0.05,0.0,1,TQQQPositionTrendAlgorithm,2.7138999999999998,0.1645,0.527,0.4085,71,1.7572,0.18765,22526.5603,-8851.5905,3.1984
POSTREND_20260207_181207_d46e1c08,19e7356ade59,50,250,0.8,0.4,True,0.3,tqqq,0.05,0.0,1,TQQQPositionTrendAlgorithm,2.8733999999999997,0.1854,0.447,0.4762,84,1.9753,0.19422,14996.5915,-6901.8368,3.9639
POSTREND_20260207_181238_c539261b,f16565655596,50,250,0.9,0.0,True,0.0,tqqq,0.05,0.0,1,TQQQPositionTrendAlgorithm,5.010400000000001,0.2733,0.452,0.434,53,2.7752,0.26501,35108.0778,-9698.722,5.8789
POSTREND_20260207_181309_c6615f64,9bed41169acf,50,250,0.9,0.5,True,0.3,tqqq,0.05,0.25,1,TQQQPositionTrendAlgorithm,-0.2612,-0.9444,0.28300000000000003,0.0,5,0.0,-0.038900000000000004,0.0,-5223.404,-1.0
POSTREND_20260207_181340_584b2301,3c34f5269de9,50,250,0.9,0.5,True,0.3,tqqq,0.05,0.3,3,TQQQPositionTrendAlgorithm,0.0676,0.1433,0.29100000000000004,0.25,4,1.5532,0.00861,18967.37,-4070.4933,0.5532
POSTREND_20260207_181415_db98494f,d6a3567df7f8,20,200,0.9,0.5,True,0.3,tqqq,0.05,0.0,1,TQQQPositionTrendAlgorithm,4.9059,0.155,0.36,0.505,101,1.6211,0.2621,25885.0635,-16286.7684,3.366
POSTREND_20260207_181449_17c97a8b,221ffae0d49a,20,200,0.9,0.5,True,0.3,tqqq,0.05,0.0,3,TQQQPositionTrendAlgorithm,4.7724,0.1953,0.478,0.5833,48,1.7281,0.25833,42545.7654,-34467.3805,2.5008
POSTREND_20260207_181522_9c071f43,e8c75bd1f89b,20,200,0.9,0.5,False,0.3,tqqq,0.05,0.0,1,TQQQPositionTrendAlgorithm,5.829199999999999,0.1904,0.45799999999999996,0.5464,194,1.739,0.28636,13303.4025,-9214.8306,3.3342
POSTREND_20260207_181557_4e6719d7,0b39f2307b89,20,200,0.95,0.6,True,0.3,tqqq,0.05,0.0,1,TQQQPositionTrendAlgorithm,4.8372,0.1446,0.395,0.5051,99,1.5579,0.26017,27901.7576,-18275.0116,2.9566
POSTREND_20260207_181638_f82dbe0b,419f15289ec4,20,250,0.9,0.5,True,0.3,tqqq,0.05,0.0,1,TQQQPositionTrendAlgorithm,2.3627000000000002,0.098,0.485,0.4857,105,1.3605,0.17229,18124.6863,-12582.0722,1.6481
POSTREND_20260207_181713_412decb7,387c5e068a3c,20,250,0.9,0.5,True,0.3,tqqq,0.05,0.0,3,TQQQPositionTrendAlgorithm,2.9904,0.1492,0.539,0.5385,52,1.5221,0.19888000000000003,32912.5886,-25226.4717,1.4948
POSTREND_20260207_181747_4f47fd99,3bbd161ef2fd,100,200,0.9,0.5,True,0.3,tqqq,0.05,0.0,1,TQQQPositionTrendAlgorithm,2.6031999999999997,0.1681,0.527,0.4219,64,1.9112,0.18295000000000003,18986.7356,-7249.3914,2.9803
POSTREND_20260207_181818_09771cea,675a8d1ae719,100,200,0.9,0.5,True,0.3,tqqq,0.05,0.0,5,TQQQPositionTrendAlgorithm,2.0322999999999998,0.1099,0.7190000000000001,0.4,35,1.5836,0.1565,21165.8929,-8910.2057,1.0787
POSTREND_20260207_181849_73fb47fb,274147a30ea0,100,200,0.9,0.5,False,0.5,tqqq,0.05,0.0,1,TQQQPositionTrendAlgorithm,3.8703,0.194,0.628,0.5946,111,1.8957,0.23061,9389.7217,-7264.7751,1.783
POSTREND_20260207_181922_ece9eb2a,7e1ce436e529,100,250,0.9,0.5,True,0.3,tqqq,0.05,0.0,1,TQQQPositionTrendAlgorithm,1.2858,0.1145,0.5489999999999999,0.4091,66,1.464,0.11445,13846.0567,-6547.6097,1.4771
POSTREND_20260207_181955_b395cf56,7c5bf0a8cc5c,100,250,0.9,0.5,True,0.3,tqqq,0.05,0.0,3,TQQQPositionTrendAlgorithm,2.5837,0.1016,0.68,0.4167,36,1.5717,0.18211,27058.416,-12297.2205,1.3538
POSTREND_20260207_182027_5db49d1e,b735827bf7ab,50,150,0.9,0.5,True,0.3,tqqq,0.05,0.0,1,TQQQPositionTrendAlgorithm,3.5745999999999998,0.1939,0.433,0.4605,76,1.9973,0.22055,21127.7643,-9030.0968,5.4082
POSTREND_20260207_182058_7d23735e,ebc336e3af38,50,150,0.9,0.5,True,0.3,tqqq,0.05,0.0,3,TQQQPositionTrendAlgorithm,1.8513,0.1689,0.629,0.4884,43,1.7763,0.14721,21501.3138,-11554.3045,3.4909
POSTREND_20260207_182129_0f862857,dff21d361f28,50,150,0.95,0.6,False,0.3,tqqq,0.05,0.0,1,TQQQPositionTrendAlgorithm,4.2183,0.2046,0.5489999999999999,0.5106,141,1.9536,0.24178999999999998,12379.8553,-6612.5451,5.7244
POSTREND_20260207_182204_d97dc1ba,5c2f00fbd2df,50,200,1.0,0.5,True,0.3,tqqq,0.05,0.0,1,TQQQPositionTrendAlgorithm,6.4344,0.2497,0.428,0.4714,70,2.5545,0.30076,33104.1767,-11558.3762,7.3387
POSTREND_20260207_182239_105e0ff6,0e2aa2b26279,50,200,0.9,0.5,True,0.5,sqqq,0.05,0.0,1,TQQQPositionTrendAlgorithm,5.1575,0.243,0.405,0.4789,71,2.4629,0.26902000000000004,26323.8638,-9821.5797,7.089
POSTREND_20260207_212908_d6f0a086,df0aac46db0b,50,200,0.9,0.0,True,0.3,tqqq,0.05,0.0,1,5,0.02,10,TQQQPositionTrendAlgorithm,OPT_20260207_212908,8.0157,0.3509,0.38799999999999996,0.5098,51,3.7172,0.33405999999999997,43397.7642,-12141.8608,12.8358
POSTREND_20260207_212944_a2ec2c64,2c1ea242d261,50,200,0.9,0.3,True,0.3,tqqq,0.05,0.0,1,3,0.02,10,TQQQPositionTrendAlgorithm,OPT_20260207_212908,7.2955,0.2938,0.38799999999999996,0.5147,68,3.0583,0.31958,31878.292,-11055.2939,10.5024
POSTREND_20260207_213019_303f5e98,127c1c9c8486,50,200,0.9,0.3,True,0.3,tqqq,0.05,0.0,1,5,0.02,10,TQQQPositionTrendAlgorithm,OPT_20260207_212908,7.100700000000001,0.2847,0.38799999999999996,0.4925,67,2.9705,0.31548,33389.977,-10909.8135,10.9495
POSTREND_20260207_213058_9e67efd8,fbd45cc6f77e,50,200,0.9,0.3,True,0.3,tqqq,0.05,0.0,1,7,0.02,10,TQQQPositionTrendAlgorithm,OPT_20260207_212908,8.086599999999999,0.3064,0.38799999999999996,0.5,64,3.3779,0.33543,36936.8356,-10934.9844,11.7363
POSTREND_20260207_213135_bbc87579,56517787e1eb,50,200,0.9,0.3,True,0.3,tqqq,0.05,0.0,1,5,0.0,10,TQQQPositionTrendAlgorithm,OPT_20260207_212908,6.743099999999999,0.2759,0.38799999999999996,0.4853,68,2.8336,0.30771,32511.567,-10817.9091,9.6312
POSTREND_20260207_213207_fa43ee59,491aa4388273,50,200,0.9,0.3,True,0.3,tqqq,0.05,0.0,1,5,0.03,10,TQQQPositionTrendAlgorithm,OPT_20260207_212908,7.5226,0.3,0.38799999999999996,0.5,66,3.2425,0.32426,33922.6206,-10461.8064,12.3015
POSTREND_20260207_213234_49cb5f6d,d881edb873c6,50,200,0.9,0.3,True,0.3,tqqq,0.05,0.0,1,5,0.05,10,TQQQPositionTrendAlgorithm,OPT_20260207_212908,7.127000000000001,0.2887,0.38799999999999996,0.5077,65,2.9895,0.31604,33405.4585,-11523.2659,11.1306
POSTREND_20260207_213305_ccfea04e,ac085bb80783,50,200,0.9,0.3,True,0.3,tqqq,0.05,0.0,1,5,0.02,5,TQQQPositionTrendAlgorithm,OPT_20260207_212908,7.1688,0.29,0.41100000000000003,0.4783,69,3.2352,0.31692,32365.747,-9170.6939,8.9658
POSTREND_20260207_213336_39aefd9a,40f43cba4d44,50,200,0.9,0.3,True,0.3,tqqq,0.05,0.0,1,5,0.02,20,TQQQPositionTrendAlgorithm,OPT_20260207_212908,5.7523,0.2604,0.405,0.4627,67,2.6999,0.28445,30362.6919,-9683.9342,7.512
POSTREND_20260207_213416_5f96d43f,cee1ce62275a,50,200,0.9,0.5,True,0.3,tqqq,0.05,0.0,1,3,0.02,10,TQQQPositionTrendAlgorithm,OPT_20260207_212908,6.601699999999999,0.2812,0.41200000000000003,0.5294,68,2.7072,0.30456,29941.8039,-12442.4247,8.6573
POSTREND_20260207_213445_13fcdab9,d21cfb27ff65,50,200,0.9,0.5,True,0.3,tqqq,0.05,0.0,1,5,0.02,10,TQQQPositionTrendAlgorithm,OPT_20260207_212908,6.421799999999999,0.2664,0.38799999999999996,0.4925,67,2.5959,0.30047,32596.133,-12187.4426,7.9532
POSTREND_20260207_213520_316db9d3,7fe132a5a75a,50,200,0.9,0.5,True,0.3,tqqq,0.05,0.0,1,7,0.02,10,TQQQPositionTrendAlgorithm,OPT_20260207_212908,7.834099999999999,0.2941,0.38799999999999996,0.5152,66,3.1443,0.33049999999999996,34768.4,-11748.8225,8.8109
POSTREND_20260207_213551_2f12da18,8686be12d94c,50,200,0.9,0.5,True,0.3,tqqq,0.05,0.0,1,5,0.0,10,TQQQPositionTrendAlgorithm,OPT_20260207_212908,5.7462,0.2538,0.39399999999999996,0.4925,67,2.4162,0.2843,30606.3245,-12294.6391,6.6906
POSTREND_20260207_213621_2a6d2399,d642e27ef73b,50,200,0.9,0.5,True,0.3,tqqq,0.05,0.0,1,5,0.03,10,TQQQPositionTrendAlgorithm,OPT_20260207_212908,7.151599999999999,0.2897,0.38799999999999996,0.5147,68,2.975,0.31656,31682.5546,-11294.9952,10.9556
POSTREND_20260207_213650_e3c1a9c6,6e3611c93a23,50,200,0.9,0.5,True,0.3,tqqq,0.05,0.0,1,5,0.05,10,TQQQPositionTrendAlgorithm,OPT_20260207_212908,6.5098,0.2705,0.38799999999999996,0.5077,65,2.6256,0.30248,32808.1458,-12885.7959,8.1152
POSTREND_20260207_213725_553cbc7b,3e8f1f8879fc,50,200,0.9,0.5,True,0.3,tqqq,0.05,0.0,1,5,0.02,5,TQQQPositionTrendAlgorithm,OPT_20260207_212908,6.5717,0.279,0.44799999999999995,0.4857,70,2.9538,0.30388000000000004,30088.2165,-9620.3231,7.1901
POSTREND_20260207_213758_7c11d300,f8650ab95878,50,200,0.9,0.5,True,0.3,tqqq,0.05,0.0,1,5,0.02,20,TQQQPositionTrendAlgorithm,OPT_20260207_212908,4.4148000000000005,0.2245,0.447,0.4783,69,2.2615,0.24782,24741.1197,-10028.5233,4.9733
POSTREND_20260207_213828_4be7a1aa,7278e94eda3f,50,200,0.9,0.7,True,0.3,tqqq,0.05,0.0,1,3,0.02,10,TQQQPositionTrendAlgorithm,OPT_20260207_212908,5.8552,0.2645,0.446,0.5224,67,2.4096,0.287,29459.4049,-13371.965,6.9177
POSTREND_20260207_213859_a978d66c,bb71bcb04216,50,200,0.9,0.7,True,0.3,tqqq,0.05,0.0,1,5,0.02,10,TQQQPositionTrendAlgorithm,OPT_20260207_212908,5.6974,0.2452,0.392,0.4776,67,2.2981,0.28308,32474.2,-12919.6437,6.1198
POSTREND_20260207_213930_abfae464,2a3cd63927cb,50,200,0.9,0.7,True,0.3,tqqq,0.05,0.0,1,7,0.02,10,TQQQPositionTrendAlgorithm,OPT_20260207_212908,7.6187000000000005,0.2896,0.395,0.5,64,2.9426,0.32621,37115.2078,-12613.0781,6.9637
POSTREND_20260207_214004_11b97ea1,5930225db5b9,50,200,0.9,0.7,True,0.3,tqqq,0.05,0.0,1,5,0.0,10,TQQQPositionTrendAlgorithm,OPT_20260207_212908,4.9256,0.2295,0.41600000000000004,0.4848,66,2.114,0.26265,30114.32,-13407.0171,4.9858
POSTREND_20260207_214033_797f0058,327cee987cca,50,200,0.9,0.7,True,0.3,tqqq,0.05,0.0,1,5,0.03,10,TQQQPositionTrendAlgorithm,OPT_20260207_212908,6.5482000000000005,0.2802,0.39399999999999996,0.4848,66,2.6955,0.30335,33497.61,-11696.0176,9.7416
POSTREND_20260207_214104_16d0dedd,d57eb4d34633,50,200,0.9,0.7,True,0.3,tqqq,0.05,0.0,1,5,0.05,10,TQQQPositionTrendAlgorithm,OPT_20260207_212908,5.7883000000000004,0.2476,0.391,0.4923,65,2.323,0.28535,32720.6488,-13658.97,6.2058
POSTREND_20260207_214135_82a734f2,a95afc03125e,50,200,0.9,0.7,True,0.3,tqqq,0.05,0.0,1,5,0.02,5,TQQQPositionTrendAlgorithm,OPT_20260207_212908,5.9437999999999995,0.2692,0.484,0.4783,69,2.6983,0.28917000000000004,29478.2539,-10014.4775,5.8134
POSTREND_20260207_214207_61f0f19b,f882b3bebf81,50,200,0.9,0.7,True,0.3,tqqq,0.05,0.0,1,5,0.02,20,TQQQPositionTrendAlgorithm,OPT_20260207_212908,3.1789,0.1883,0.496,0.4478,67,1.9057,0.20616,23050.7277,-9807.247,3.3451
POSTREND_20260207_214236_3d377bb7,b0f9e86c73e4,50,200,0.9,0.9,True,0.3,tqqq,0.05,0.0,1,3,0.02,10,TQQQPositionTrendAlgorithm,OPT_20260207_212908,4.8232,0.2395,0.486,0.4923,65,2.1259,0.25977,29344.3469,-13384.9133,5.3031
POSTREND_20260207_214311_2cea1a9a,d61841ea762e,50,200,0.9,0.9,True,0.3,tqqq,0.05,0.0,1,5,0.02,10,TQQQPositionTrendAlgorithm,OPT_20260207_212908,4.8218,0.2212,0.441,0.4688,64,2.031,0.25973,32645.9043,-14182.5418,4.7805
POSTREND_20260207_214342_a8ce2ef8,d41a9d6f7aed,50,200,0.9,0.9,True,0.3,tqqq,0.05,0.0,1,7,0.02,10,TQQQPositionTrendAlgorithm,OPT_20260207_212908,7.0964,0.2782,0.445,0.4839,62,2.7211,0.31538,38497.3297,-13263.4713,5.5987
POSTREND_20260207_214412_ae001b9e,570c62526447,50,200,0.9,0.9,True,0.3,tqqq,0.05,0.0,1,5,0.0,10,TQQQPositionTrendAlgorithm,OPT_20260207_212908,4.0076,0.1991,0.467,0.4688,64,1.8557,0.2351,29902.3193,-14217.9232,3.7773
POSTREND_20260207_214441_3cdb3dcd,b6d4cdb53b5f,50,200,0.9,0.9,True,0.3,tqqq,0.05,0.0,1,5,0.03,10,TQQQPositionTrendAlgorithm,OPT_20260207_212908,5.8947,0.2669,0.43200000000000005,0.4844,64,2.4502,0.28797,33094.8745,-12688.2694,7.5528
POSTREND_20260207_214514_11e88599,ada07a00c0d9,50,200,0.9,0.9,True,0.3,tqqq,0.05,0.0,1,5,0.05,10,TQQQPositionTrendAlgorithm,OPT_20260207_212908,4.9587,0.2237,0.439,0.4839,62,2.0596,0.26358,33122.6623,-15077.0216,4.8469
POSTREND_20260207_214539_7b3bebe1,5e70dea51aff,50,200,0.9,0.9,True,0.3,tqqq,0.05,0.0,1,5,0.02,5,TQQQPositionTrendAlgorithm,OPT_20260207_212908,5.1728,0.2535,0.52,0.4706,68,2.4413,0.26944,28222.3116,-10275.9872,4.6515
POSTREND_20260207_214614_ce4367c5,3891de3f1565,50,200,0.9,0.9,True,0.3,tqqq,0.05,0.0,1,5,0.02,20,TQQQPositionTrendAlgorithm,OPT_20260207_212908,2.2651,0.1564,0.537,0.4516,62,1.6519,0.16777,21260.1096,-10598.9482,2.3601
POSTREND_20260208_014707_2cbb16e2,df0aac46db0b,50,200,0.9,0.0,True,0.3,tqqq,0.05,0.0,1,5,0.02,10,TQQQPositionTrendAlgorithm,OPT_20260208_014707,8.0157,0.3509,0.38799999999999996,0.5098,51,3.7172,0.33405999999999997,43397.7642,-12141.8608,12.8358
POSTREND_20260208_014833_c688a246,9ef8fae8a34f,20,200,0.9,0.0,True,0.3,tqqq,0.05,0.0,1,5,0.02,10,TQQQPositionTrendAlgorithm,OPT_20260208_014707,8.2509,0.2233,0.315,0.56,75,2.0295,0.33857,39845.8926,-24988.2276,5.6836
POSTREND_20260208_014908_3b462aa3,3f6f935cfc89,35,200,0.9,0.0,True,0.3,tqqq,0.05,0.0,1,5,0.02,10,TQQQPositionTrendAlgorithm,OPT_20260208_014707,6.7625,0.2509,0.47100000000000003,0.4074,54,2.4266,0.30814,53830.6664,-15251.035,6.238
POSTREND_20260208_014939_f50a64c4,03e35c92d547,75,200,0.9,0.0,True,0.3,tqqq,0.05,0.0,1,5,0.02,10,TQQQPositionTrendAlgorithm,OPT_20260208_014707,4.614599999999999,0.2824,0.445,0.5814,43,3.0232,0.25376,27530.1632,-12647.4461,5.3976
POSTREND_20260208_015016_9c119cf6,44808873e05b,100,200,0.9,0.0,True,0.3,tqqq,0.05,0.0,1,5,0.02,10,TQQQPositionTrendAlgorithm,OPT_20260208_014707,5.0773,0.312,0.449,0.4865,37,3.6203,0.26685,36913.1489,-9659.4384,5.275
POSTREND_20260208_015045_abad5ef6,3bc3898ccfb7,20,225,0.9,0.0,True,0.3,tqqq,0.05,0.0,1,5,0.02,10,TQQQPositionTrendAlgorithm,OPT_20260208_014707,5.5372,0.1826,0.449,0.5333,75,1.7244,0.27902,33955.829,-22505.026,2.751
POSTREND_20260208_015121_69feceb7,0136e36e6d45,35,225,0.9,0.0,True,0.3,tqqq,0.05,0.0,1,5,0.02,10,TQQQPositionTrendAlgorithm,OPT_20260208_014707,5.5588,0.2389,0.522,0.3922,51,2.2226,0.27957,52063.1535,-15112.4845,4.1026
POSTREND_20260208_015146_fa9ccdbd,bb3ccf02a73a,50,225,0.9,0.0,True,0.3,tqqq,0.05,0.0,1,5,0.02,10,TQQQPositionTrendAlgorithm,OPT_20260208_014707,5.7847,0.321,0.5,0.46,50,2.9824,0.28526,38980.6922,-11133.747,6.0986
POSTREND_20260208_015221_e024cca9,d7f90e5dd708,75,225,0.9,0.0,True,0.3,tqqq,0.05,0.0,1,5,0.02,10,TQQQPositionTrendAlgorithm,OPT_20260208_014707,3.2270999999999996,0.254,0.541,0.5238,42,2.4711,0.20797000000000002,24590.8295,-10946.647,4.3362
POSTREND_20260208_015256_ec47b832,a011986eaa75,100,225,0.9,0.0,True,0.3,tqqq,0.05,0.0,1,5,0.02,10,TQQQPositionTrendAlgorithm,OPT_20260208_014707,3.6546,0.291,0.48100000000000004,0.4571,35,2.7756,0.22332000000000002,33697.9256,-10223.6274,4.9396
POSTREND_20260208_015329_6536ff26,2cce34f7edb6,20,250,0.9,0.0,True,0.3,tqqq,0.05,0.0,1,5,0.02,10,TQQQPositionTrendAlgorithm,OPT_20260208_014707,4.0653,0.1515,0.44799999999999995,0.5067,75,1.6159,0.23696,28968.8189,-18411.8157,2.3725
POSTREND_20260208_015403_b5490f7f,69009f0be251,35,250,0.9,0.0,True,0.3,tqqq,0.05,0.0,1,5,0.02,10,TQQQPositionTrendAlgorithm,OPT_20260208_014707,5.3427999999999995,0.2258,0.47600000000000003,0.3585,53,2.2615,0.27396,51952.49,-12837.7882,5.0915
POSTREND_20260208_015434_d145db6b,ed63583dde0c,50,250,0.9,0.0,True,0.3,tqqq,0.05,0.0,1,5,0.02,10,TQQQPositionTrendAlgorithm,OPT_20260208_014707,5.010400000000001,0.2733,0.452,0.434,53,2.7752,0.26501,35108.0778,-9698.722,5.8789
POSTREND_20260208_015507_22f2dd17,0d3d47ccd5c5,75,250,0.9,0.0,True,0.3,tqqq,0.05,0.0,1,5,0.02,10,TQQQPositionTrendAlgorithm,OPT_20260208_014707,2.7092,0.2103,0.521,0.5,44,2.3026,0.18745,21722.8259,-9434.1664,3.7711
POSTREND_20260208_015538_3fb1c64d,c2f30b092948,100,250,0.9,0.0,True,0.3,tqqq,0.05,0.0,1,5,0.02,10,TQQQPositionTrendAlgorithm,OPT_20260208_014707,3.0981,0.2693,0.449,0.4474,38,2.5893,0.20306999999999997,27957.1494,-8740.6486,4.7454
POSTREND_20260208_015620_fab5fd51,9fb8bd2be190,20,275,0.9,0.0,True,0.3,tqqq,0.05,0.0,1,5,0.02,10,TQQQPositionTrendAlgorithm,OPT_20260208_014707,4.3877999999999995,0.1615,0.431,0.5139,72,1.671,0.247,30466.3511,-19274.284,2.566
POSTREND_20260208_015749_8100d547,214b128b26da,35,275,0.9,0.0,True,0.3,tqqq,0.05,0.0,1,5,0.02,10,TQQQPositionTrendAlgorithm,OPT_20260208_014707,6.8617,0.2512,0.47100000000000003,0.3878,49,2.4747,0.31032,62391.6505,-15967.4513,5.6449
POSTREND_20260208_015821_ec82f657,a3750ed99525,50,275,0.9,0.0,True,0.3,tqqq,0.05,0.0,1,5,0.02,10,TQQQPositionTrendAlgorithm,OPT_20260208_014707,6.6145000000000005,0.3058,0.436,0.4694,49,3.1774,0.30485,43210.8583,-12030.2996,6.5511
POSTREND_20260208_015852_4e950207,42b2231d6b36,75,275,0.9,0.0,True,0.3,tqqq,0.05,0.0,1,5,0.02,10,TQQQPositionTrendAlgorithm,OPT_20260208_014707,3.7588999999999997,0.2418,0.456,0.5122,41,2.7035,0.22688,28352.5686,-11011.9135,5.388
POSTREND_20260208_015925_7bab8aad,262057e71f3d,100,275,0.9,0.0,True,0.3,tqqq,0.05,0.0,1,5,0.02,10,TQQQPositionTrendAlgorithm,OPT_20260208_014707,4.406000000000001,0.317,0.449,0.4706,34,3.1427,0.24756,38201.5631,-10804.9239,5.1388
POSTREND_20260208_015954_9014682a,5717357b3b6d,20,300,0.9,0.0,True,0.3,tqqq,0.05,0.0,1,5,0.02,10,TQQQPositionTrendAlgorithm,OPT_20260208_014707,4.3557,0.1727,0.38799999999999996,0.5147,68,1.7357,0.24603000000000003,30289.8829,-18508.4979,3.1289
POSTREND_20260208_020031_11dfa9fb,377ea64238e9,35,300,0.9,0.0,True,0.3,tqqq,0.05,0.0,1,5,0.02,10,TQQQPositionTrendAlgorithm,OPT_20260208_014707,6.5804,0.2751,0.47100000000000003,0.4091,44,2.6438,0.30408,60542.3172,-15853.8973,10.226
POSTREND_20260208_020105_5fd28334,4c1f9a392750,50,300,0.9,0.0,True,0.3,tqqq,0.05,0.0,1,5,0.02,10,TQQQPositionTrendAlgorithm,OPT_20260208_014707,6.921,0.341,0.344,0.5,44,3.6098,0.31161,44795.5573,-12409.3164,12.1943
POSTREND_20260208_020134_c25a1d4e,5cf6c0a427e4,75,300,0.9,0.0,True,0.3,tqqq,0.05,0.0,1,5,0.02,10,TQQQPositionTrendAlgorithm,OPT_20260208_014707,3.3752999999999997,0.2452,0.445,0.5385,39,2.7073,0.21344000000000002,25436.4252,-10961.2667,5.4171
POSTREND_20260208_020207_7bf55666,f41fe952a76f,100,300,0.9,0.0,True,0.3,tqqq,0.05,0.0,1,5,0.02,10,TQQQPositionTrendAlgorithm,OPT_20260208_014707,3.9707999999999997,0.3336,0.449,0.5,32,3.2761,0.23390999999999998,33747.7187,-10301.3331,5.0308
POSTREND_20260208_020240_944dd456,fbd45cc6f77e,50,200,0.9,0.3,True,0.3,tqqq,0.05,0.0,1,7,0.02,10,TQQQPositionTrendAlgorithm,OPT_20260208_014707,8.086599999999999,0.3064,0.38799999999999996,0.5,64,3.3779,0.33543,36936.8356,-10934.9844,11.7363
POSTREND_20260208_020315_74d2a4fd,5c62ff8259d8,50,225,0.9,0.3,True,0.3,tqqq,0.05,0.0,1,7,0.02,10,TQQQPositionTrendAlgorithm,OPT_20260208_014707,6.5586,0.3093,0.42700000000000005,0.4921,63,3.1221,0.30359,32050.7665,-9945.0594,10.2618
POSTREND_20260208_020347_ffc2df47,c3aca130b650,50,250,0.9,0.3,True,0.3,tqqq,0.05,0.0,1,7,0.02,10,TQQQPositionTrendAlgorithm,OPT_20260208_014707,5.0079,0.2469,0.39399999999999996,0.4615,65,2.6561,0.26494,27599.9023,-8906.6051,7.7985
POSTREND_20260208_020422_34269ffb,f3681ed09d16,50,275,0.9,0.3,True,0.3,tqqq,0.05,0.0,1,7,0.02,10,TQQQPositionTrendAlgorithm,OPT_20260208_014707,6.7486,0.2832,0.39399999999999996,0.4667,60,3.1719,0.30784,36240.3389,-9997.1022,8.408
POSTREND_20260208_020449_8aa78fba,e7cd904f741d,50,300,0.9,0.3,True,0.3,tqqq,0.05,0.0,1,7,0.02,10,TQQQPositionTrendAlgorithm,OPT_20260208_014707,7.4681,0.3153,0.344,0.5091,55,3.6807,0.32315,37690.9957,-10619.5511,16.3461
POSTREND_20260208_021730_01ba9e48,1da3daca823a,50,200,0.9,0.0,True,0.3,tqqq,0.05,0.0,1,5,0.02,10,True,0.3,1.0,0.1,TQQQPositionTrendAlgorithm,OPT_20260208_021730,0.1446,0.1345,0.247,0.7647,17,1.5686,0.14431,1727.2754,-3578.705,0.8891
POSTREND_20260208_022550_148aca40,2d8e3f5b0441,50,200,0.9,0.0,True,0.3,tqqq,0.05,0.0,1,5,0.02,10,False,0.3,1.0,0.1,TQQQPositionTrendAlgorithm,OPT_20260208_022550,8.0157,0.3509,0.38799999999999996,0.5098,51,3.7172,0.33405999999999997,43397.7642,-12141.8608,12.8358
POSTREND_20260208_022630_33ec3d2a,f4c5559a3ed3,50,300,0.9,0.0,True,0.3,tqqq,0.05,0.0,1,5,0.02,10,False,0.3,1.0,0.1,TQQQPositionTrendAlgorithm,OPT_20260208_022550,6.921,0.341,0.344,0.5,44,3.6098,0.31161,44795.5573,-12409.3164,12.1943
POSTREND_20260208_022701_461d2f75,04fe66d7fadc,50,200,0.9,0.0,True,0.3,tqqq,0.05,0.0,1,5,0.02,10,True,0.2,1.0,0.05,TQQQPositionTrendAlgorithm,OPT_20260208_022550,6.8729,0.2618,0.441,0.4857,105,2.9675,0.31057,20993.7914,-6681.492,7.4637
POSTREND_20260208_022736_e401ee11,f39dc3c76b68,50,200,0.9,0.0,True,0.3,tqqq,0.05,0.0,1,5,0.02,10,True,0.3,1.0,0.05,TQQQPositionTrendAlgorithm,OPT_20260208_022550,7.1907000000000005,0.2631,0.433,0.4815,108,3.037,0.31738,21290.8162,-6509.8152,8.0935
POSTREND_20260208_022809_3593e78a,4d8363a1dc3c,50,200,0.9,0.0,True,0.3,tqqq,0.05,0.0,1,5,0.02,10,True,0.4,1.0,0.05,TQQQPositionTrendAlgorithm,OPT_20260208_022550,7.5336,0.2684,0.425,0.486,107,3.1288,0.32448,21985.59,-6643.6125,8.951
POSTREND_20260208_022838_95d7d5d5,2f101af3a6a3,50,200,0.9,0.0,True,0.3,tqqq,0.05,0.0,1,5,0.02,10,True,0.5,1.0,0.05,TQQQPositionTrendAlgorithm,OPT_20260208_022550,7.8381,0.2755,0.419,0.5,102,3.2008,0.33058,23075.512,-7209.2949,9.7275
POSTREND_20260208_022914_d92546f2,eda7fe254a7b,50,200,0.9,0.0,True,0.3,tqqq,0.05,0.0,1,5,0.02,10,True,0.2,1.0,0.1,TQQQPositionTrendAlgorithm,OPT_20260208_022550,5.3502,0.1905,0.374,0.6042,240,2.5664,0.27416,6251.3459,-3717.8624,8.1265
POSTREND_20260208_022945_8ab76557,1239219e5d89,50,200,0.9,0.0,True,0.3,tqqq,0.05,0.0,1,5,0.02,10,True,0.3,1.0,0.1,TQQQPositionTrendAlgorithm,OPT_20260208_022550,5.9852,0.2021,0.37200000000000005,0.632,231,2.7149,0.29018,6707.4214,-4243.6784,9.8721
POSTREND_20260208_023020_7d0968ac,e5f7adb00db1,50,200,0.9,0.0,True,0.3,tqqq,0.05,0.0,1,5,0.02,10,True,0.4,1.0,0.1,TQQQPositionTrendAlgorithm,OPT_20260208_022550,6.4399,0.2149,0.382,0.6286,210,2.8473,0.30089,7769.1019,-4617.6164,11.1684
POSTREND_20260208_023055_a71dfcf4,e2acf385fed8,50,200,0.9,0.0,True,0.3,tqqq,0.05,0.0,1,5,0.02,10,True,0.5,1.0,0.1,TQQQPositionTrendAlgorithm,OPT_20260208_022550,7.124099999999999,0.2308,0.381,0.6404,178,2.9975,0.31597000000000003,9684.6809,-5755.0934,12.1946
POSTREND_20260208_023127_3d7e4a54,6c1c6f2aa923,50,200,0.9,0.0,True,0.3,tqqq,0.05,0.0,1,5,0.02,10,True,0.2,1.0,0.15,TQQQPositionTrendAlgorithm,OPT_20260208_022550,3.698,0.2166,0.368,0.627,311,2.1746,0.22481,3610.1765,-2790.724,7.7671
POSTREND_20260208_023156_8464826f,3666d4c1601e,50,200,0.9,0.0,True,0.3,tqqq,0.05,0.0,1,5,0.02,10,True,0.3,1.0,0.15,TQQQPositionTrendAlgorithm,OPT_20260208_022550,4.4979000000000005,0.2469,0.37200000000000005,0.6187,278,2.3605,0.25031,4665.0927,-3206.8347,8.2022
POSTREND_20260208_023231_db49e420,1b9642eec6e8,50,200,0.9,0.0,True,0.3,tqqq,0.05,0.0,1,5,0.02,10,True,0.4,1.0,0.15,TQQQPositionTrendAlgorithm,OPT_20260208_022550,5.0451,0.2577,0.368,0.6367,245,2.4686,0.26596,5591.6676,-3970.3199,7.6959
POSTREND_20260208_023300_d1967eb3,5af1527c8800,50,200,0.9,0.0,True,0.3,tqqq,0.05,0.0,1,5,0.02,10,True,0.5,1.0,0.15,TQQQPositionTrendAlgorithm,OPT_20260208_022550,5.846699999999999,0.255,0.369,0.625,224,2.6176,0.28679,6953.2699,-4427.2533,8.5039
POSTREND_20260208_023338_9aa8e93f,3d9c6ca99362,50,200,0.9,0.0,True,0.3,tqqq,0.05,0.0,1,5,0.02,10,True,0.3,0.9,0.05,TQQQPositionTrendAlgorithm,OPT_20260208_022550,6.2189,0.2706,0.397,0.4906,106,3.0868,0.29575,18219.3035,-5683.7835,8.3147
POSTREND_20260208_023413_08aa03b9,2ffd7117f2f3,50,200,0.9,0.0,True,0.3,tqqq,0.05,0.0,1,5,0.02,10,True,0.3,0.9,0.1,TQQQPositionTrendAlgorithm,OPT_20260208_022550,5.0044,0.2139,0.345,0.6425,207,2.7587,0.26484,6084.6821,-3964.2365,10.1639
POSTREND_20260208_023442_0d0ed77e,5b3071955c6d,50,200,0.9,0.0,True,0.3,tqqq,0.05,0.0,1,5,0.02,10,True,0.5,0.9,0.05,TQQQPositionTrendAlgorithm,OPT_20260208_022550,6.803,0.2949,0.387,0.5269,93,3.2793,0.30902999999999997,20564.8298,-6983.71,10.2831
POSTREND_20260208_023519_f5adb5c1,fd381036b074,50,200,0.9,0.0,True,0.3,tqqq,0.05,0.0,1,5,0.02,10,True,0.5,0.9,0.1,TQQQPositionTrendAlgorithm,OPT_20260208_022550,6.2862,0.2537,0.35200000000000004,0.6644,149,3.1559,0.29733,9572.377,-6005.6142,12.9373
POSTREND_20260208_023550_ee5334c0,ba1390b2e920,50,300,0.9,0.0,True,0.3,tqqq,0.05,0.0,1,5,0.02,10,True,0.2,1.0,0.05,TQQQPositionTrendAlgorithm,OPT_20260208_022550,7.2971,0.3085,0.37200000000000005,0.5455,77,3.2357,0.31961,25965.7833,-9629.7491,10.3356
POSTREND_20260208_023621_6691a036,49471c190530,50,300,0.9,0.0,True,0.3,tqqq,0.05,0.0,1,5,0.02,10,True,0.3,1.0,0.05,TQQQPositionTrendAlgorithm,OPT_20260208_022550,7.4675,0.3184,0.37200000000000005,0.5658,76,3.2823,0.32313000000000003,25788.4677,-10237.8352,10.6508
POSTREND_20260208_023655_74708e34,3704f890502d,50,300,0.9,0.0,True,0.3,tqqq,0.05,0.0,1,5,0.02,10,True,0.4,1.0,0.05,TQQQPositionTrendAlgorithm,OPT_20260208_022550,7.6703,0.3273,0.37200000000000005,0.5541,74,3.3448,0.32724,27552.4661,-10234.4276,11.0133
POSTREND_20260208_023734_438a5db2,6916d3a3b262,50,300,0.9,0.0,True,0.3,tqqq,0.05,0.0,1,5,0.02,10,True,0.5,1.0,0.05,TQQQPositionTrendAlgorithm,OPT_20260208_022550,7.8277,0.3255,0.37200000000000005,0.5811,74,3.3973,0.33037999999999995,26632.4881,-10873.8439,11.312
POSTREND_20260208_023807_1e37d9f0,f70b659d6080,50,300,0.9,0.0,True,0.3,tqqq,0.05,0.0,1,5,0.02,10,True,0.2,1.0,0.1,TQQQPositionTrendAlgorithm,OPT_20260208_022550,7.0966,0.2798,0.37200000000000005,0.6293,116,3.232,0.31539,14537.9205,-7636.4419,10.7266
POSTREND_20260208_023838_b8de1043,c561c55411a6,50,300,0.9,0.0,True,0.3,tqqq,0.05,0.0,1,5,0.02,10,True,0.3,1.0,0.1,TQQQPositionTrendAlgorithm,OPT_20260208_022550,7.3129,0.2861,0.37200000000000005,0.6404,114,3.2668,0.31994,14908.0382,-8125.3554,11.0141
POSTREND_20260208_023914_b93607b1,8d669f167c5e,50,300,0.9,0.0,True,0.3,tqqq,0.05,0.0,1,5,0.02,10,True,0.4,1.0,0.1,TQQQPositionTrendAlgorithm,OPT_20260208_022550,7.575900000000001,0.2958,0.37200000000000005,0.6296,108,3.3024,0.32533999999999996,16498.9824,-8493.1835,11.0276
POSTREND_20260208_023945_14911a29,399e6e36f6fd,50,300,0.9,0.0,True,0.3,tqqq,0.05,0.0,1,5,0.02,10,True,0.5,1.0,0.1,TQQQPositionTrendAlgorithm,OPT_20260208_022550,7.705,0.2989,0.37200000000000005,0.617,94,3.3339,0.32793999999999995,19591.6636,-9467.6761,11.1175
POSTREND_20260208_024020_9e30b881,c25a62ca48ad,50,300,0.9,0.0,True,0.3,tqqq,0.05,0.0,1,5,0.02,10,True,0.3,0.9,0.05,TQQQPositionTrendAlgorithm,OPT_20260208_022550,6.2701,0.3224,0.344,0.5789,76,3.2951,0.29695,21070.2709,-8792.3569,10.6068
POSTREND_20260208_024053_bac07ae6,0c54a5e7d7f9,50,300,0.9,0.0,True,0.3,tqqq,0.05,0.0,1,5,0.02,10,True,0.3,0.9,0.1,TQQQPositionTrendAlgorithm,OPT_20260208_022550,6.0873,0.3032,0.34299999999999997,0.6408,103,3.2538,0.29263,13714.8326,-7518.7222,10.6919
POSTREND_20260208_024125_25a131a1,429405a5e844,50,300,0.9,0.0,True,0.3,tqqq,0.05,0.0,1,5,0.02,10,True,0.5,0.9,0.1,TQQQPositionTrendAlgorithm,OPT_20260208_022550,6.5151,0.2966,0.34299999999999997,0.6292,89,3.3551,0.30260000000000004,17066.4693,-8631.8933,10.89
POSTREND_20260208_030414_8b313704,9400e117e2c5,50,200,0.9,0.0,True,0.3,tqqq,0.05,0.0,1,5,0.02,10,False,0.3,1.0,0.1,True,20,0.03,-0.01,0.5,TQQQPositionTrendAlgorithm,OPT_20260208_030414,0.0113,0.0418,0.165,0.5333,30,1.1168,0.01131,2277.4612,-2330.6514,0.2758
POSTREND_20260208_030902_c9761d9b,b0a934fb54a1,50,200,0.9,0.0,True,0.3,tqqq,0.05,0.0,1,5,0.02,10,False,0.3,1.0,0.1,False,20,0.03,-0.01,0.5,TQQQPositionTrendAlgorithm,OPT_20260208_030902,8.0157,0.3509,0.38799999999999996,0.5098,51,3.7172,0.33405999999999997,43397.7642,-12141.8608,12.8358
POSTREND_20260208_030941_845d8fad,0410127fabbb,50,200,0.9,0.0,True,0.3,tqqq,0.05,0.0,1,5,0.02,10,False,0.3,1.0,0.1,True,10,0.02,-0.01,0.5,TQQQPositionTrendAlgorithm,OPT_20260208_030902,5.1959,0.2921,0.32299999999999995,0.65,160,2.5334,0.27006,8507.7938,-6236.795,6.5473
POSTREND_20260208_031012_d016c03d,8d16e2d3f2da,50,200,0.9,0.0,True,0.3,tqqq,0.05,0.0,1,5,0.02,10,False,0.3,1.0,0.1,True,10,0.03,-0.01,0.5,TQQQPositionTrendAlgorithm,OPT_20260208_030902,3.9753,0.2439,0.33899999999999997,0.6364,154,2.1516,0.23406,7823.2203,-6363.0134,5.8748
POSTREND_20260208_031048_a2cc28e5,09e190e6125a,50,200,0.9,0.0,True,0.3,tqqq,0.05,0.0,1,5,0.02,10,False,0.3,1.0,0.1,True,10,0.05,-0.01,0.5,TQQQPositionTrendAlgorithm,OPT_20260208_030902,4.3063,0.237,0.35100000000000003,0.6488,168,2.0193,0.24451,8074.9513,-7387.7664,4.846
POSTREND_20260208_031119_c0d38a30,73cb3473dfb2,50,200,0.9,0.0,True,0.3,tqqq,0.05,0.0,1,5,0.02,10,False,0.3,1.0,0.1,True,10,0.03,-0.02,0.5,TQQQPositionTrendAlgorithm,OPT_20260208_030902,4.1318,0.2708,0.32,0.6496,137,2.398,0.23907,8217.9601,-6354.2363,5.9641
POSTREND_20260208_031152_d7ed576d,c1938280a31f,50,200,0.9,0.0,True,0.3,tqqq,0.05,0.0,1,5,0.02,10,False,0.3,1.0,0.1,True,10,0.05,-0.02,0.5,TQQQPositionTrendAlgorithm,OPT_20260208_030902,4.4572,0.2652,0.33,0.6561,157,2.201,0.2491,8180.7646,-7089.617,5.7954
POSTREND_20260208_031229_2c321d70,2a0bbe3a5c5c,50,200,0.9,0.0,True,0.3,tqqq,0.05,0.0,1,5,0.02,10,False,0.3,1.0,0.1,True,20,0.02,-0.01,0.5,TQQQPositionTrendAlgorithm,OPT_20260208_030902,3.5164999999999997,0.2146,0.262,0.6377,138,2.0579,0.21850000000000003,8030.5518,-6868.083,6.2362
POSTREND_20260208_031300_d46b63f4,0531b7701385,50,200,0.9,0.0,True,0.3,tqqq,0.05,0.0,1,5,0.02,10,False,0.3,1.0,0.1,True,20,0.03,-0.01,0.5,TQQQPositionTrendAlgorithm,OPT_20260208_030902,3.6125,0.2017,0.263,0.6154,143,1.959,0.22187,8661.743,-7074.5591,5.2818
POSTREND_20260208_031334_06f48707,0bddf2c6857f,50,200,0.9,0.0,True,0.3,tqqq,0.05,0.0,1,5,0.02,10,False,0.3,1.0,0.1,True,20,0.05,-0.01,0.5,TQQQPositionTrendAlgorithm,OPT_20260208_030902,3.2125,0.181,0.301,0.6143,140,1.8363,0.20742999999999998,8479.1766,-7353.81,4.7894
POSTREND_20260208_031407_f6393afe,17c7e994c608,50,200,0.9,0.0,True,0.3,tqqq,0.05,0.0,1,5,0.02,10,False,0.3,1.0,0.1,True,20,0.03,-0.02,0.5,TQQQPositionTrendAlgorithm,OPT_20260208_030902,3.4785000000000004,0.2179,0.28300000000000003,0.6259,139,2.0089,0.21716000000000002,8225.2109,-6850.0642,5.8878
POSTREND_20260208_031448_77acad84,b7f624793ca1,50,200,0.9,0.0,True,0.3,tqqq,0.05,0.0,1,5,0.02,10,False,0.3,1.0,0.1,True,20,0.05,-0.02,0.5,TQQQPositionTrendAlgorithm,OPT_20260208_030902,3.0818,0.197,0.32899999999999996,0.6176,136,1.9007,0.20245000000000002,8006.3694,-6804.5773,4.8176
POSTREND_20260208_031525_b86fba7b,3db7474ea012,50,200,0.9,0.0,True,0.3,tqqq,0.05,0.0,1,5,0.02,10,False,0.3,1.0,0.1,True,20,0.03,-0.03,0.5,TQQQPositionTrendAlgorithm,OPT_20260208_030902,3.3267,0.2266,0.29,0.6071,140,2.0681,0.21166000000000001,7831.6871,-5852.4469,8.5185
POSTREND_20260208_031601_7b8816b8,6bb1061500b6,50,200,0.9,0.0,True,0.3,tqqq,0.05,0.0,1,5,0.02,10,False,0.3,1.0,0.1,True,30,0.03,-0.01,0.5,TQQQPositionTrendAlgorithm,OPT_20260208_030902,2.9599,0.2316,0.34,0.6667,144,2.0951,0.19768,6010.1648,-5737.4298,8.0972
POSTREND_20260208_031642_73cc8e4d,d42c3066ed1a,50,200,0.9,0.0,True,0.3,tqqq,0.05,0.0,1,5,0.02,10,False,0.3,1.0,0.1,True,30,0.05,-0.01,0.5,TQQQPositionTrendAlgorithm,OPT_20260208_030902,2.8706,0.2076,0.38,0.634,153,1.9731,0.1941,6116.6331,-5369.6605,5.9461
POSTREND_20260208_031719_05297eba,d662758b98fe,50,200,0.9,0.0,True,0.3,tqqq,0.05,0.0,1,5,0.02,10,False,0.3,1.0,0.1,True,30,0.05,-0.02,0.5,TQQQPositionTrendAlgorithm,OPT_20260208_030902,3.537,0.2199,0.37799999999999995,0.6392,158,2.0516,0.21922999999999998,6957.9166,-6009.3472,7.9716
POSTREND_20260208_031801_5d674b4d,1102fed89b30,50,200,0.9,0.0,True,0.3,tqqq,0.05,0.0,1,5,0.02,10,False,0.3,1.0,0.1,True,30,0.07,-0.02,0.5,TQQQPositionTrendAlgorithm,OPT_20260208_030902,4.521100000000001,0.2853,0.37799999999999995,0.6015,133,2.442,0.25101,9871.5661,-6101.7277,8.6356
POSTREND_20260208_031838_eefdde07,587593632c13,50,200,0.9,0.0,True,0.3,tqqq,0.05,0.0,1,5,0.02,10,False,0.3,1.0,0.1,True,20,0.03,-0.01,0.3,TQQQPositionTrendAlgorithm,OPT_20260208_030902,2.4041,0.2093,0.231,0.5594,143,1.8737,0.17417000000000002,6679.9116,-4527.1779,4.7781
POSTREND_20260208_031917_6f801748,3316d84c38b5,50,200,0.9,0.0,True,0.3,tqqq,0.05,0.0,1,5,0.02,10,False,0.3,1.0,0.1,True,20,0.03,-0.01,0.7,TQQQPositionTrendAlgorithm,OPT_20260208_030902,5.16,0.1883,0.317,0.6197,142,2.0791,0.26909,11644.6949,-9127.1807,5.9788
POSTREND_20260208_031959_08f17a65,87ca16fc225e,50,200,0.9,0.0,True,0.3,tqqq,0.05,0.0,1,5,0.02,10,False,0.3,1.0,0.1,True,20,0.05,-0.02,0.3,TQQQPositionTrendAlgorithm,OPT_20260208_030902,1.9449,0.1765,0.301,0.5221,136,1.6695,0.15208,7097.2204,-4643.4348,3.8269
POSTREND_20260208_032038_174a9bb1,693bfb01af90,50,200,0.9,0.0,True,0.3,tqqq,0.05,0.0,1,5,0.02,10,False,0.3,1.0,0.1,True,20,0.05,-0.02,0.7,TQQQPositionTrendAlgorithm,OPT_20260208_030902,4.6141000000000005,0.2133,0.361,0.6296,135,2.1981,0.25375,10271.4507,-7944.019,5.6041
POSTREND_20260208_032116_5f18ec8e,f22d5251deba,50,200,0.9,0.0,True,0.3,tqqq,0.05,0.0,1,5,0.02,10,False,0.3,1.0,0.1,True,20,0.99,-0.01,0.5,TQQQPositionTrendAlgorithm,OPT_20260208_030902,6.8629999999999995,0.2413,0.385,0.5,56,2.3319,0.31035,44179.9904,-18946.0736,7.0217
POSTREND_20260208_032151_f8dbc666,0eb6104c24d0,50,200,0.9,0.0,True,0.3,tqqq,0.05,0.0,1,5,0.02,10,False,0.3,1.0,0.1,True,20,0.99,-0.02,0.5,TQQQPositionTrendAlgorithm,OPT_20260208_030902,6.3778,0.2991,0.42,0.5192,52,2.7554,0.29946,38182.5122,-14965.7304,7.455
POSTREND_20260208_032226_43def477,980b1e0afc7e,50,200,0.9,0.0,True,0.3,tqqq,0.05,0.0,1,5,0.02,10,False,0.3,1.0,0.1,True,10,0.99,-0.01,0.5,TQQQPositionTrendAlgorithm,OPT_20260208_030902,9.1639,0.3008,0.44299999999999995,0.5694,72,2.4983,0.35518,38332.8963,-20293.1045,6.6199
POSTREND_20260208_032259_42ae86e0,40602ef5cc12,50,200,0.9,0.0,True,0.3,tqqq,0.05,0.0,1,5,0.02,10,False,0.3,1.0,0.1,True,20,0.02,-0.03,0.5,TQQQPositionTrendAlgorithm,OPT_20260208_030902,3.3457999999999997,0.2452,0.3,0.6377,138,2.2289,0.21236,7126.506,-5627.233,7.3688
POSTREND_20260208_032333_d16c67ec,e2c721280fc2,50,200,0.9,0.0,True,0.3,tqqq,0.05,0.0,1,5,0.02,10,False,0.3,1.0,0.1,True,20,0.02,-0.05,0.5,TQQQPositionTrendAlgorithm,OPT_20260208_030902,4.0636,0.2725,0.301,0.6569,137,2.515,0.2369,7735.9523,-5890.1198,10.5067
POSTREND_20260208_032410_db0b169e,f5d9a91493f9,50,200,0.9,0.0,True,0.3,tqqq,0.05,0.0,1,5,0.02,10,False,0.3,1.0,0.1,True,10,0.02,-0.03,0.3,TQQQPositionTrendAlgorithm,OPT_20260208_030902,3.6837,0.3187,0.237,0.5986,142,2.7859,0.22432,6981.8689,-3737.2961,8.3031
POSTREND_20260208_032445_cc66671a,15549db91a85,50,200,0.9,0.0,True,0.3,tqqq,0.05,0.0,1,5,0.02,10,False,0.3,1.0,0.1,True,20,0.07,-0.01,0.5,TQQQPositionTrendAlgorithm,OPT_20260208_030902,3.4934,0.2297,0.318,0.6574,108,2.0352,0.21769,9993.8351,-9422.8903,6.4176
POSTREND_20260208_032520_4cd1a563,334c6bd5fd7d,50,200,0.9,0.0,True,0.3,tqqq,0.05,0.0,1,5,0.02,10,False,0.3,1.0,0.1,True,10,0.07,-0.01,0.7,TQQQPositionTrendAlgorithm,OPT_20260208_030902,6.267799999999999,0.2475,0.44299999999999995,0.6474,156,2.2125,0.2969,11662.145,-9679.5444,5.1348
POSTREND_20260208_035210_93609e0e,d04301641ca0,50,200,0.9,0.0,True,0.0,tqqq,0.05,0.0,1,5,0.02,10,False,0.3,1.0,0.1,False,20,0.03,-0.01,0.5,False,5,3,binary,True,True,True,True,True,True,14,50,40,20,25,20,TQQQPositionTrendAlgorithm,OPT_20260208_035210,8.0157,0.3509,0.38799999999999996,0.5098,51,3.7172,0.33405999999999997,43397.7642,-12141.8608,12.8358
POSTREND_20260208_035245_85ac40ae,77e7e8ad9b1b,50,200,0.9,0.0,True,0.0,tqqq,0.05,0.0,1,5,0.02,10,False,0.3,1.0,0.1,False,20,0.03,-0.01,0.5,True,3,2,binary,True,True,True,True,True,True,14,50,40,20,25,20,TQQQPositionTrendAlgorithm,OPT_20260208_035210,6.7212,0.1788,0.449,0.5443,79,1.9027,0.30723,33921.4886,-21294.9478,4.2233
POSTREND_20260208_035316_d73d0517,446a3610839c,50,200,0.9,0.0,True,0.0,tqqq,0.05,0.0,1,5,0.02,10,False,0.3,1.0,0.1,False,20,0.03,-0.01,0.5,True,4,3,binary,True,True,True,True,True,True,14,50,40,20,25,20,TQQQPositionTrendAlgorithm,OPT_20260208_035210,4.5611,0.1572,0.469,0.5269,93,1.6193,0.25219,25103.3627,-17264.3284,2.822
POSTREND_20260208_035351_dfab2997,39acfd6b1662,50,200,0.9,0.0,True,0.0,tqqq,0.05,0.0,1,5,0.02,10,False,0.3,1.0,0.1,False,20,0.03,-0.01,0.5,True,5,3,binary,True,True,True,True,True,True,14,50,40,20,25,20,TQQQPositionTrendAlgorithm,OPT_20260208_035210,1.1423999999999999,0.1209,0.344,0.5316,79,1.4216,0.10502,9613.7479,-7676.327,1.9665
POSTREND_20260208_035424_5836f9f6,fc2fb3ae20ce,50,200,0.9,0.0,True,0.0,tqqq,0.05,0.0,1,5,0.02,10,False,0.3,1.0,0.1,False,20,0.03,-0.01,0.5,True,6,4,binary,True,True,True,True,True,True,14,50,40,20,25,20,TQQQPositionTrendAlgorithm,OPT_20260208_035210,1.0215,0.1621,0.272,0.5588,68,1.614,0.09664,7558.0082,-5931.3487,2.1062
POSTREND_20260208_035456_e2ec86c1,c005a6ba2206,50,200,0.9,0.0,True,0.0,tqqq,0.05,0.0,1,5,0.02,10,False,0.3,1.0,0.1,False,20,0.03,-0.01,0.5,True,7,5,binary,True,True,True,True,True,True,14,50,40,20,25,20,TQQQPositionTrendAlgorithm,OPT_20260208_035210,-0.3166,-0.2668,0.40399999999999997,0.3913,23,0.4467,-0.04867,2840.1922,-4087.07,-0.8904
POSTREND_20260208_035527_3a7237a9,691bcea661c3,50,200,0.9,0.0,True,0.0,tqqq,0.05,0.0,1,5,0.02,10,False,0.3,1.0,0.1,False,20,0.03,-0.01,0.5,True,5,3,graduated,True,True,True,True,True,True,14,50,40,20,25,20,TQQQPositionTrendAlgorithm,OPT_20260208_035210,3.2924,0.1582,0.344,0.5833,180,1.6822,0.2104,7991.7785,-6651.1655,4.0321
POSTREND_20260208_035600_dcbb2b81,2a8a9582754d,50,200,0.9,0.0,True,0.0,tqqq,0.05,0.0,1,5,0.02,10,False,0.3,1.0,0.1,False,20,0.03,-0.01,0.5,True,4,2,graduated,True,True,True,True,True,True,14,50,40,20,25,20,TQQQPositionTrendAlgorithm,OPT_20260208_035210,5.739299999999999,0.1619,0.518,0.5349,172,1.6996,0.28413,15613.729,-10564.6866,2.8219
POSTREND_20260208_035637_47a6ca4d,7f283fe8e8bb,50,200,0.9,0.0,True,0.0,tqqq,0.05,0.0,1,5,0.02,10,False,0.3,1.0,0.1,False,20,0.03,-0.01,0.5,True,6,4,graduated,True,True,True,True,True,True,14,50,40,20,25,20,TQQQPositionTrendAlgorithm,OPT_20260208_035210,2.5584000000000002,0.145,0.298,0.5891,202,1.6323,0.18101,5785.2224,-5081.5272,3.2793
POSTREND_20260208_035711_becb653b,446608d64a30,50,200,0.9,0.0,True,0.0,tqqq,0.05,0.0,1,5,0.02,10,False,0.3,1.0,0.1,False,20,0.03,-0.01,0.5,True,3,1,graduated,True,True,True,True,True,True,14,50,40,20,25,20,TQQQPositionTrendAlgorithm,OPT_20260208_035210,7.1098,0.1694,0.562,0.5486,144,1.7795,0.31567,21149.0668,-14444.7934,2.427
POSTREND_20260208_035742_54c2f08a,32d6e23e49e4,50,200,0.9,0.0,True,0.0,tqqq,0.05,0.0,1,5,0.02,10,False,0.3,1.0,0.1,False,20,0.03,-0.01,0.5,True,2,1,binary,True,True,False,False,False,False,14,50,40,20,25,20,TQQQPositionTrendAlgorithm,OPT_20260208_035210,1.2018,0.141,0.271,0.5455,77,1.4812,0.10898999999999999,9223.0214,-7471.9374,3.3003
POSTREND_20260208_035811_d034cf7a,3aa6796aa824,50,200,0.9,0.0,True,0.0,tqqq,0.05,0.0,1,5,0.02,10,False,0.3,1.0,0.1,False,20,0.03,-0.01,0.5,True,2,1,binary,False,False,True,True,False,False,14,50,40,20,25,20,TQQQPositionTrendAlgorithm,OPT_20260208_035210,10.8932,0.2474,0.381,0.5574,61,2.3777,0.38338,56849.5224,-30108.4122,7.0417
POSTREND_20260208_035842_8cc04328,8f76fd67668c,50,200,0.9,0.0,True,0.0,tqqq,0.05,0.0,1,5,0.02,10,False,0.3,1.0,0.1,False,20,0.03,-0.01,0.5,True,3,2,binary,True,True,True,True,False,False,14,50,40,20,25,20,TQQQPositionTrendAlgorithm,OPT_20260208_035210,5.086,0.1646,0.428,0.5057,87,1.6436,0.26708,30427.7009,-18942.8879,2.7919
POSTREND_20260208_035915_de5c848d,dc048d8ec0a3,50,200,0.9,0.0,True,0.0,tqqq,0.05,0.0,1,5,0.02,10,False,0.3,1.0,0.1,False,20,0.03,-0.01,0.5,True,4,3,binary,True,True,True,True,True,False,14,50,40,20,25,20,TQQQPositionTrendAlgorithm,OPT_20260208_035210,4.7422,0.1624,0.414,0.5217,92,1.6414,0.25745999999999997,26072.1956,-17328.6482,2.704
POSTREND_20260208_035949_ef7873ca,b48de8920058,50,200,0.9,0.0,True,0.0,tqqq,0.05,0.0,1,5,0.02,10,False,0.3,1.0,0.1,False,20,0.03,-0.01,0.5,True,4,3,binary,True,True,False,True,True,True,14,50,40,20,25,20,TQQQPositionTrendAlgorithm,OPT_20260208_035210,1.2114,0.1184,0.344,0.519,79,1.431,0.10962,10270.5588,-7743.7458,2.043
POSTREND_20260208_040022_5b37d724,a3a2aed7007d,50,200,0.9,0.0,True,0.0,tqqq,0.05,0.0,1,5,0.02,10,False,0.3,1.0,0.1,False,20,0.03,-0.01,0.5,True,4,3,binary,True,True,True,True,False,True,14,50,40,20,25,20,TQQQPositionTrendAlgorithm,OPT_20260208_035210,1.1675,0.1246,0.344,0.5467,75,1.4512,0.10672000000000001,9597.0341,-7974.7676,2.0162
POSTREND_20260208_040055_ef03ed57,dba3e615320e,50,200,0.9,0.0,True,0.0,tqqq,0.05,0.0,1,5,0.02,10,False,0.3,1.0,0.1,False,20,0.03,-0.01,0.5,True,3,2,binary,True,False,False,True,False,True,14,50,40,20,25,20,TQQQPositionTrendAlgorithm,OPT_20260208_035210,7.3872,0.2456,0.358,0.5769,78,2.2628,0.32148000000000004,30590.8944,-18434.7073,5.6754
POSTREND_20260208_040126_303f5c8c,4ec5442b0aa7,50,200,0.9,0.0,True,0.0,tqqq,0.05,0.0,1,5,0.02,10,False,0.3,1.0,0.1,False,20,0.03,-0.01,0.5,True,3,2,binary,False,True,False,False,True,True,14,50,40,20,25,20,TQQQPositionTrendAlgorithm,OPT_20260208_035210,1.1623999999999999,0.1603,0.29100000000000004,0.5735,68,1.5659,0.10637,8642.211,-7422.0066,2.6192
POSTREND_20260208_040159_dda3eaeb,32201c714e6c,50,200,0.9,0.0,True,0.0,tqqq,0.05,0.0,1,5,0.02,10,False,0.3,1.0,0.1,False,20,0.03,-0.01,0.5,True,4,3,binary,True,True,True,True,True,True,14,55,35,20,25,20,TQQQPositionTrendAlgorithm,OPT_20260208_035210,3.7306,0.1442,0.512,0.5455,99,1.5388,0.22591999999999998,20373.7426,-15887.5913,2.0245
POSTREND_20260208_040235_56e9b7c9,f3ba0bd5420e,50,200,0.9,0.0,True,0.0,tqqq,0.05,0.0,1,5,0.02,10,False,0.3,1.0,0.1,False,20,0.03,-0.01,0.5,True,4,3,binary,True,True,True,True,True,True,14,45,45,20,25,20,TQQQPositionTrendAlgorithm,OPT_20260208_035210,5.2412,0.1805,0.47,0.5444,90,1.749,0.27127,25743.9265,-17591.6012,3.2064
POSTREND_20260208_040312_4cb0094b,00e213dc281e,50,200,0.9,0.0,True,0.0,tqqq,0.05,0.0,1,5,0.02,10,False,0.3,1.0,0.1,False,20,0.03,-0.01,0.5,True,4,3,binary,True,True,True,True,True,True,14,60,30,20,25,20,TQQQPositionTrendAlgorithm,OPT_20260208_035210,4.0386,0.1594,0.456,0.5743,101,1.624,0.2361,18704.3329,-15535.3012,2.6319
POSTREND_20260208_040349_79a80765,2daae95c5cc3,50,200,0.9,0.0,True,0.0,tqqq,0.05,0.0,1,5,0.02,10,False,0.3,1.0,0.1,False,20,0.03,-0.01,0.5,True,4,3,binary,True,True,True,True,True,True,14,50,40,20,20,20,TQQQPositionTrendAlgorithm,OPT_20260208_035210,8.1275,0.1998,0.379,0.5682,88,1.8868,0.33622,35584.8076,-24815.1937,3.2661
POSTREND_20260208_040426_e1782edf,716047582c00,50,200,0.9,0.0,True,0.0,tqqq,0.05,0.0,1,5,0.02,10,False,0.3,1.0,0.1,False,20,0.03,-0.01,0.5,True,4,3,binary,True,True,True,True,True,True,14,50,40,20,30,20,TQQQPositionTrendAlgorithm,OPT_20260208_035210,4.9826999999999995,0.1624,0.414,0.5165,91,1.6554,0.26424,27604.3406,-17812.0127,2.7261
POSTREND_20260208_040504_efa4026e,58a63b6d6a36,50,200,0.9,0.0,True,0.0,tqqq,0.05,0.0,1,5,0.02,10,False,0.3,1.0,0.1,False,20,0.03,-0.01,0.5,True,4,3,binary,True,True,True,True,True,True,14,50,40,10,25,20,TQQQPositionTrendAlgorithm,OPT_20260208_035210,2.7532,0.1343,0.498,0.4904,104,1.4991,0.18928999999999999,16783.7002,-10773.2387,2.1818
POSTREND_20260208_040543_b457c3e9,796456a000e7,50,200,0.9,0.0,True,0.0,tqqq,0.05,0.0,1,5,0.02,10,False,0.3,1.0,0.1,False,20,0.03,-0.01,0.5,True,4,3,binary,True,True,True,True,True,True,14,50,40,40,25,20,TQQQPositionTrendAlgorithm,OPT_20260208_035210,4.9013,0.1897,0.366,0.5795,88,1.793,0.26197,22403.0135,-17222.2084,4.073
POSTREND_20260208_040614_526091d0,011fbaba98df,50,200,1.0,0.0,True,0.0,tqqq,0.05,0.0,1,5,0.02,10,False,0.3,1.0,0.1,False,20,0.03,-0.01,0.5,True,4,3,binary,True,True,True,True,True,True,14,50,40,20,25,20,TQQQPositionTrendAlgorithm,OPT_20260208_035210,5.3801,0.1503,0.508,0.5269,93,1.5833,0.27494,30818.0098,-21676.4807,2.6744
POSTREND_20260208_040651_90be3ffc,7ccbb885bd55,50,200,0.7,0.0,True,0.0,tqqq,0.05,0.0,1,5,0.02,10,False,0.3,1.0,0.1,False,20,0.03,-0.01,0.5,True,3,2,binary,True,True,True,True,True,True,14,50,40,20,25,20,TQQQPositionTrendAlgorithm,OPT_20260208_035210,4.4094,0.1908,0.361,0.6044,91,2.005,0.24766,16384.9249,-12484.9436,4.7072
POSTREND_20260208_040728_ff15afa6,67638833214c,50,200,0.9,0.0,True,0.0,tqqq,0.05,0.0,1,5,0.02,10,False,0.3,1.0,0.1,False,20,0.03,-0.01,0.5,True,2,1,graduated,True,True,False,False,False,False,14,50,40,20,25,20,TQQQPositionTrendAlgorithm,OPT_20260208_035210,3.3691000000000004,0.1614,0.426,0.5676,185,1.6564,0.21322,8367.457,-6630.2789,3.0441
POSTREND_20260208_040805_58416d90,c23b27b81569,50,200,0.9,0.0,True,0.0,tqqq,0.05,0.0,1,5,0.02,10,False,0.3,1.0,0.1,False,20,0.03,-0.01,0.5,True,3,2,graduated,True,True,True,True,False,False,14,50,40,20,25,20,TQQQPositionTrendAlgorithm,OPT_20260208_035210,6.47,0.1686,0.5,0.5519,154,1.7583,0.30157,18174.9638,-12733.8228,3.3585
POSTREND_20260208_040835_697921d9,bfff178f72d2,50,200,0.9,0.0,True,0.0,tqqq,0.05,0.0,1,5,0.02,10,False,0.3,1.0,0.1,False,20,0.03,-0.01,0.5,True,5,2,graduated,True,True,True,True,True,True,14,50,40,20,25,20,TQQQPositionTrendAlgorithm,OPT_20260208_035210,3.3756,0.1486,0.42200000000000004,0.5846,195,1.6447,0.21345,7806.3412,-6680.1719,2.9585
POSTREND_20260208_160206_7e02d4f2,3a94a92cb0a5,50,200,0.9,0,True,0,tqqq,0.05,0,1,TQQQPositionTrendAlgorithm,OPT_20260208_160206,0.0,0.0,0.0,0.0,0,0.0,0.0,0.0,0.0,0.0
POSTREND_20260208_162844_6e1ddbdd,ed1668c62669,50,200,0.9,0,True,0,tqqq,0.05,0,1,daily,TQQQPositionTrendAlgorithm,OPT_20260208_162843,0.0,0.0,0.0,0.0,0,0.0,0.0,0.0,0.0,0.0
POSTREND_20260208_163237_baf82321,ed1668c62669,50,200,0.9,0,True,0,tqqq,0.05,0,1,daily,TQQQPositionTrendAlgorithm,OPT_20260208_163237,60.077,0.0,0.0,0.0,0,0.0,0.0,0.0,0.0,0.0
POSTREND_20260208_170501_44bdb61f,e1986167692d,50,200,0.9,0,True,0,tqqq,0.05,0,1,minute,TQQQPositionTrendAlgorithm,OPT_20260208_170501,0.0,0.0,0.0,0.0,0,0.0,0.0,0.0,0.0,0.0
POSTREND_20260208_170748_8a36d4bc,eb5ea76985e8,50,200,0.9,0,True,0,tqqq,0.05,0,1,daily,TQQQPositionTrendAlgorithm,OPT_20260208_170748,1.0463,0.2302,0.33299999999999996,0.4167,24,2.0327,0.15388,20297.008,-7132.2986,3.1785
POSTREND_20260208_170846_e27a71f5,75591386a64a,50,200,0.9,0,True,0,tqqq,0.05,0,1,daily,TQQQPositionTrendAlgorithm,OPT_20260208_170846,0.5446,0.0394,0.376,0.2857,35,1.1362,0.09079000000000001,12493.087,-4398.122,0.3682
POSTREND_20260208_170931_ec9379fa,61516fdeafae,50,200,0.9,0,True,0,tqqq,0.05,0,1,daily,TQQQPositionTrendAlgorithm,OPT_20260208_170931,1.3319,0.1581,0.36700000000000005,0.2821,39,1.778,0.14920999999999998,27936.7882,-6172.8014,3.3329
POSTREND_20260208_171028_7f4ff304,f83c3343df46,50,200,0.9,0,True,0,tqqq,0.05,0,1,daily,TQQQPositionTrendAlgorithm,OPT_20260208_171028,3.3882999999999996,0.171,0.42700000000000005,0.2642,53,1.9427,0.21254,50230.425,-9281.5651,4.4946
POSTREND_20260208_171730_1dd70863,f83c3343df46,50,200,0.9,0,True,0,tqqq,0.05,0,1,daily,TQQQPositionTrendAlgorithm,OPT_20260208_171730,3.3882999999999996,0.171,0.42700000000000005,0.2642,53,1.9427,0.21254,50230.425,-9281.5651,4.4946
POSTREND_20260208_172351_adfd54ab,707fdd3e43b8,50,200,0.9,0.0,True,0.3,tqqq,0.05,0,1,daily,TQQQPositionTrendAlgorithm,OPT_20260208_172351,3.6272,0.1849,0.42700000000000005,0.2692,52,2.0695,0.22235,50230.425,-8942.2418,4.7867
POSTREND_20260208_232107_c2ca9028,76c48b463f6c,50,200,0.9,0.5,True,0.3,tqqq,0.05,0.0,1,minute,TQQQPositionTrendAlgorithm,OPT_20260208_232107,5.1575,0.243,0.405,0.4789,71,2.4629,0.26902000000000004,26323.8638,-9821.5797,7.089
POSTREND_20260208_232220_08e9c549,8f77d5052ebe,50,200,0.9,0.5,True,0.3,tqqq,0.05,0.0,3,minute,TQQQPositionTrendAlgorithm,OPT_20260208_232107,2.5082,0.2422,0.5870000000000001,0.5143,35,2.2305,0.17882,26769.8994,-12707.5682,5.919
POSTREND_20260208_232257_edf5eaed,fd3312ea642a,50,200,0.9,0.5,False,0.3,tqqq,0.05,0.0,1,minute,TQQQPositionTrendAlgorithm,OPT_20260208_232107,6.520499999999999,0.2755,0.467,0.5373,134,2.637,0.30272,14991.126,-6601.7205,5.3131
POSTREND_20260208_232335_1b0b3b13,e0c618359f36,50,200,0.95,0.6,True,0.3,tqqq,0.05,0.0,1,minute,TQQQPositionTrendAlgorithm,OPT_20260208_232107,5.111000000000001,0.2322,0.435,0.4714,70,2.3264,0.26776,28049.3061,-10753.7286,5.9783
POSTREND_20260208_232414_98cb8d3b,e8ae567acf97,50,200,0.8,0.4,True,0.3,tqqq,0.05,0.0,1,minute,TQQQPositionTrendAlgorithm,OPT_20260208_232107,4.5742,0.2505,0.366,0.5195,77,2.5676,0.25257999999999997,19251.544,-8105.7897,7.3013
POSTREND_20260208_232445_ee54b353,bc392ab16333,50,200,0.9,0.5,True,0.3,tqqq,0.05,0.25,1,minute,TQQQPositionTrendAlgorithm,OPT_20260208_232107,-0.1103,-0.4856,0.281,0.2857,7,0.2388,-0.0152,1730.59,-2898.498,-0.82
POSTREND_20260208_232519_eb2f479b,44911e8a2862,50,200,0.9,0.5,True,0.3,tqqq,0.05,0.3,1,minute,TQQQPositionTrendAlgorithm,OPT_20260208_232107,-0.1152,-0.4554,0.29,0.25,8,0.2311,-0.01591,1730.59,-2496.6117,-0.8263
POSTREND_20260208_232556_6c74c077,427b9f9fb794,50,200,0.9,0.0,True,0.0,tqqq,0.05,0.0,1,minute,TQQQPositionTrendAlgorithm,OPT_20260208_232107,8.0157,0.3509,0.38799999999999996,0.5098,51,3.7172,0.33405999999999997,43397.7642,-12141.8608,12.8358
POSTREND_20260208_232631_f6f40561,57ea62e3f9f3,50,250,0.9,0.5,True,0.3,tqqq,0.05,0.0,1,minute,TQQQPositionTrendAlgorithm,OPT_20260208_232107,2.792,0.1734,0.499,0.4324,74,1.8509,0.1909,19643.0156,-8085.8555,3.5322
POSTREND_20260208_232708_9e72ac69,f9b5ec886b61,50,250,0.9,0.5,True,0.3,tqqq,0.05,0.0,3,minute,TQQQPositionTrendAlgorithm,OPT_20260208_232107,1.1806,0.1384,0.5539999999999999,0.4419,43,1.579,0.10759,18284.4984,-9167.4462,2.1977
POSTREND_20260208_232741_be6c8dc7,1ee409d5d72e,50,250,0.9,0.5,False,0.3,tqqq,0.05,0.0,1,minute,TQQQPositionTrendAlgorithm,OPT_20260208_232107,3.7866000000000004,0.2026,0.525,0.4648,142,1.9611,0.22782,12060.9886,-5340.9293,3.1532
POSTREND_20260208_232825_3093ea30,40ecc903bfa8,50,250,0.95,0.6,True,0.3,tqqq,0.05,0.0,1,minute,TQQQPositionTrendAlgorithm,OPT_20260208_232107,2.7138999999999998,0.1645,0.527,0.4085,71,1.7572,0.18765,22526.5603,-8851.5905,3.1984
POSTREND_20260208_232902_26971dcf,7a15e62ef4c3,50,250,0.8,0.4,True,0.3,tqqq,0.05,0.0,1,minute,TQQQPositionTrendAlgorithm,OPT_20260208_232107,2.8733999999999997,0.1854,0.447,0.4762,84,1.9753,0.19422,14996.5915,-6901.8368,3.9639
POSTREND_20260208_232943_1690a6e2,44cf01200bbb,50,250,0.9,0.0,True,0.0,tqqq,0.05,0.0,1,minute,TQQQPositionTrendAlgorithm,OPT_20260208_232107,5.010400000000001,0.2733,0.452,0.434,53,2.7752,0.26501,35108.0778,-9698.722,5.8789
POSTREND_20260208_233027_cded7dbd,4c2f0b2adcba,50,250,0.9,0.5,True,0.3,tqqq,0.05,0.25,1,minute,TQQQPositionTrendAlgorithm,OPT_20260208_232107,-0.2612,-0.9444,0.28300000000000003,0.0,5,0.0,-0.038900000000000004,0.0,-5223.404,-1.0
POSTREND_20260208_233058_5cbf4fce,3f7e69700975,50,250,0.9,0.5,True,0.3,tqqq,0.05,0.3,3,minute,TQQQPositionTrendAlgorithm,OPT_20260208_232107,0.0676,0.1433,0.29100000000000004,0.25,4,1.5532,0.00861,18967.37,-4070.4933,0.5532
POSTREND_20260208_233137_8ce4faa5,64943c92e557,20,200,0.9,0.5,True,0.3,tqqq,0.05,0.0,1,minute,TQQQPositionTrendAlgorithm,OPT_20260208_232107,4.8877999999999995,0.1542,0.36,0.5,102,1.6205,0.26159,25805.032,-15923.8402,3.3657
POSTREND_20260208_233214_6acd1442,8b456d9f0c53,20,200,0.9,0.5,True,0.3,tqqq,0.05,0.0,3,minute,TQQQPositionTrendAlgorithm,OPT_20260208_232107,4.7724,0.1953,0.478,0.5833,48,1.7281,0.25833,42545.7654,-34467.3805,2.5008
POSTREND_20260208_233251_6f98476e,b3f0de157cd6,20,200,0.9,0.5,False,0.3,tqqq,0.05,0.0,1,minute,TQQQPositionTrendAlgorithm,OPT_20260208_232107,5.7352,0.1893,0.45899999999999996,0.5436,195,1.7353,0.28403,13128.0252,-9010.5349,3.3274
POSTREND_20260208_233331_b04e9be2,93a0f4b1c07d,20,200,0.95,0.6,True,0.3,tqqq,0.05,0.0,1,minute,TQQQPositionTrendAlgorithm,OPT_20260208_232107,4.7561,0.1433,0.397,0.5,100,1.555,0.25786000000000003,27529.7344,-17704.0854,2.9482
POSTREND_20260208_233408_6e73dffb,f9a725448900,20,250,0.9,0.5,True,0.3,tqqq,0.05,0.0,1,minute,TQQQPositionTrendAlgorithm,OPT_20260208_232107,2.3627000000000002,0.098,0.485,0.4857,105,1.3605,0.17229,18124.6863,-12582.0722,1.6481
POSTREND_20260208_233437_3c125f0f,e4576cb2ef6e,20,250,0.9,0.5,True,0.3,tqqq,0.05,0.0,3,minute,TQQQPositionTrendAlgorithm,OPT_20260208_232107,2.9904,0.1492,0.539,0.5385,52,1.5221,0.19888000000000003,32912.5886,-25226.4717,1.4948
POSTREND_20260208_233513_e773ab62,1437d1cf3341,100,200,0.9,0.5,True,0.3,tqqq,0.05,0.0,1,minute,TQQQPositionTrendAlgorithm,OPT_20260208_232107,2.6031999999999997,0.1681,0.527,0.4219,64,1.9112,0.18295000000000003,18986.7356,-7249.3914,2.9803
POSTREND_20260208_233548_6e810cf2,0e798c32e86d,100,200,0.9,0.5,True,0.3,tqqq,0.05,0.0,5,minute,TQQQPositionTrendAlgorithm,OPT_20260208_232107,2.0322999999999998,0.1099,0.7190000000000001,0.4,35,1.5836,0.1565,21165.8929,-8910.2057,1.0787
POSTREND_20260208_233627_b02db6d2,9279c8ad97a8,100,200,0.9,0.5,False,0.5,tqqq,0.05,0.0,1,minute,TQQQPositionTrendAlgorithm,OPT_20260208_232107,0.0,0.0,0.0,0.0,0,0.0,0.0,0.0,0.0,0.0
POSTREND_20260208_233701_a3d1d1a3,e6f343832d76,100,250,0.9,0.5,True,0.3,tqqq,0.05,0.0,1,minute,TQQQPositionTrendAlgorithm,OPT_20260208_232107,1.2858,0.1145,0.5489999999999999,0.4091,66,1.464,0.11445,13846.0567,-6547.6097,1.4771
POSTREND_20260208_233746_9b2336a7,0c0ed24802db,100,250,0.9,0.5,True,0.3,tqqq,0.05,0.0,3,minute,TQQQPositionTrendAlgorithm,OPT_20260208_232107,2.5837,0.1016,0.68,0.4167,36,1.5717,0.18211,27058.416,-12297.2205,1.3538
POSTREND_20260208_233823_459be9c9,8aa22c40c1e7,50,150,0.9,0.5,True,0.3,tqqq,0.05,0.0,1,minute,TQQQPositionTrendAlgorithm,OPT_20260208_232107,3.6519,0.1932,0.43700000000000006,0.4675,77,1.9971,0.22323,20984.1286,-9225.8934,5.3513
POSTREND_20260208_233853_95f68f61,d4a95e5fecb8,50,150,0.9,0.5,True,0.3,tqqq,0.05,0.0,3,minute,TQQQPositionTrendAlgorithm,OPT_20260208_232107,1.8399,0.1683,0.622,0.4545,44,1.7741,0.14661,22475.08,-10556.8254,3.4829
POSTREND_20260208_233940_436f1b2d,bbc19a9be414,50,200,1.0,0.5,True,0.3,tqqq,0.05,0.0,1,minute,TQQQPositionTrendAlgorithm,OPT_20260208_232107,6.4344,0.2497,0.428,0.4714,70,2.5545,0.30076,33104.1767,-11558.3762,7.3387
POSTREND_20260208_234015_b70967b3,1d1b2bb2c92e,50,200,0.9,0.5,True,0.5,sqqq,0.05,0.0,1,minute,TQQQPositionTrendAlgorithm,OPT_20260208_232107,5.1575,0.243,0.405,0.4789,71,2.4629,0.26902000000000004,26323.8638,-9821.5797,7.089
POSTREND_20260209_114147_2a63546f,6872fb71968b,50,200,0.9,0,True,0,tqqq,0.05,0,1,minute,TQQQPositionTrendAlgorithm,OPT_20260209_114146,7.3386000000000005,0.4055,0.35600000000000004,0.5897,39,3.9477,0.41686,43982.0426,-16015.4381,12.7097
POSTREND_20260209_114416_908de585,c3f4daebc419,50,200,0.9,0,True,0,tqqq,0.05,0,1,minute,TQQQPositionTrendAlgorithm,OPT_20260209_114416,3.0794,0.5359,0.22899999999999998,0.5909,22,6.3021,0.46675,29115.9446,-6673.4211,18.6714
POSTREND_20260209_114619_e09d8c1f,c3f4daebc419,50,200,0.9,0,True,0,tqqq,0.05,0,1,minute,TQQQPositionTrendAlgorithm,OPT_20260209_114619,3.0794,0.5359,0.22899999999999998,0.5909,22,6.3021,0.46675,29115.9446,-6673.4211,18.6714
POSTREND_20260209_214904_8a35fde5,6872fb71968b,50,200,0.9,0,True,0,tqqq,0.05,0,1,minute,TQQQPositionTrendAlgorithm,OPT_20260209_214904,4.9563999999999995,0.2328,0.409,0.4762,42,2.2584,0.34067000000000003,44253.5675,-17814.095,5.3752
POSTREND_20260209_223748_0e3c5aca,d2ac267429bc,50,200,0.9,0.5,True,0.3,tqqq,0.05,0.0,1,minute,TQQQPositionTrendAlgorithm,OPT_20260209_223748,2.6462,0.1288,0.455,0.4,85,1.6495,0.17348,19652.91,-7943.0833,3.2862
POSTREND_20260209_223835_e9054948,5c366b15aa71,50,200,0.9,0.5,True,0.3,tqqq,0.05,0.0,3,minute,TQQQPositionTrendAlgorithm,OPT_20260209_223748,1.2818,0.133,0.594,0.4318,44,1.5194,0.1074,20527.7747,-10267.6656,2.2806
POSTREND_20260209_223906_3282ecdf,ee772eab2d2a,50,200,0.9,0.5,False,0.3,tqqq,0.05,0.0,1,minute,TQQQPositionTrendAlgorithm,OPT_20260209_223748,3.9666,0.1809,0.501,0.4688,160,1.963,0.2192,10829.124,-4867.7175,4.0909
POSTREND_20260209_223946_513327a3,795b5e9ecf67,50,200,0.95,0.6,True,0.3,tqqq,0.05,0.0,1,minute,TQQQPositionTrendAlgorithm,OPT_20260209_223748,2.4641,0.12,0.489,0.381,84,1.5775,0.16607,20903.8806,-8154.6763,2.8323
POSTREND_20260209_224029_c04c1364,75bf41f7a16c,50,200,0.8,0.4,True,0.3,tqqq,0.05,0.0,1,minute,TQQQPositionTrendAlgorithm,OPT_20260209_223748,2.5505,0.142,0.415,0.4615,91,1.7288,0.16963,14330.0507,-7104.7178,3.5287
POSTREND_20260209_224108_1160f485,4b7183fe803d,50,200,0.9,0.5,True,0.3,tqqq,0.05,0.25,1,minute,TQQQPositionTrendAlgorithm,OPT_20260209_223748,-0.2426,-1.3048,0.245,0.0,2,0.0,-0.033780000000000004,0.0,-12130.92,-1.0
POSTREND_20260209_224144_3a13b8bc,9dd1b3a072ee,50,200,0.9,0.5,True,0.3,tqqq,0.05,0.3,1,minute,TQQQPositionTrendAlgorithm,OPT_20260209_223748,-0.2681,-0.2599,0.311,0.2857,14,0.4486,-0.03786,5453.0775,-4862.414,-1.0
POSTREND_20260209_224215_d8220c14,31f19764c69b,50,200,0.9,0.0,True,0.0,tqqq,0.05,0.0,1,minute,TQQQPositionTrendAlgorithm,OPT_20260209_223748,4.5415,0.1945,0.409,0.4211,57,2.0848,0.23582,36181.8158,-12621.8382,5.2936
POSTREND_20260209_224318_5d554e2d,046b35de3fe0,50,250,0.9,0.5,True,0.3,tqqq,0.05,0.0,1,minute,TQQQPositionTrendAlgorithm,OPT_20260209_223748,2.8797,0.1163,0.515,0.3864,88,1.573,0.18252,23119.2776,-9253.7674,2.3357
POSTREND_20260209_224408_d7b280cb,b1ad3d239479,50,250,0.9,0.5,True,0.3,tqqq,0.05,0.0,3,minute,TQQQPositionTrendAlgorithm,OPT_20260209_223748,1.3373,0.1109,0.569,0.4375,48,1.4118,0.1107,22693.9071,-12502.1063,1.7478
POSTREND_20260209_224457_843c12d8,6c4063e5f647,50,250,0.9,0.5,False,0.3,tqqq,0.05,0.0,1,minute,TQQQPositionTrendAlgorithm,OPT_20260209_223748,3.5477,0.1522,0.557,0.4671,167,1.6815,0.20599,11273.2471,-5875.4906,2.5339
POSTREND_20260209_224607_cb6be851,c778c0fe1295,50,250,0.95,0.6,True,0.3,tqqq,0.05,0.0,1,minute,TQQQPositionTrendAlgorithm,OPT_20260209_223748,2.5247,0.1049,0.551,0.3793,87,1.4845,0.16857,23298.6227,-9591.4311,1.9464
POSTREND_20260209_224656_4587b2f3,fa00e7a368b5,50,250,0.8,0.4,True,0.3,tqqq,0.05,0.0,1,minute,TQQQPositionTrendAlgorithm,OPT_20260209_223748,2.8456,0.1319,0.452,0.4583,96,1.6686,0.18123999999999998,16059.8373,-8144.1104,2.8316
POSTREND_20260209_224737_72721704,4be154304491,50,250,0.9,0.0,True,0.0,tqqq,0.05,0.0,1,minute,TQQQPositionTrendAlgorithm,OPT_20260209_223748,6.267799999999999,0.1957,0.42700000000000005,0.4211,57,2.2016,0.27797,47618.3121,-15730.1006,4.8165
POSTREND_20260209_224821_8c2ac041,7cbc3986ba18,50,250,0.9,0.5,True,0.3,tqqq,0.05,0.25,1,minute,TQQQPositionTrendAlgorithm,OPT_20260209_223748,-0.0519,-0.0519,0.299,0.2727,11,0.8713,-0.00657,11710.4167,-5039.9675,-0.2568
POSTREND_20260209_224856_695ea91a,888921e7e875,50,250,0.9,0.5,True,0.3,tqqq,0.05,0.3,3,minute,TQQQPositionTrendAlgorithm,OPT_20260209_223748,0.3036,0.4015,0.313,0.5556,9,3.2957,0.03333,8717.34,-3306.315,4.5937
POSTREND_20260209_224937_eeafff3f,05fcb1d56da2,20,200,0.9,0.5,True,0.3,tqqq,0.05,0.0,1,minute,TQQQPositionTrendAlgorithm,OPT_20260209_223748,2.8379000000000003,0.1174,0.456,0.4286,126,1.4429,0.18094000000000002,17283.5259,-8983.8594,2.0988
POSTREND_20260209_225015_611038d3,df15232b2db5,20,200,0.9,0.5,True,0.3,tqqq,0.05,0.0,3,minute,TQQQPositionTrendAlgorithm,OPT_20260209_223748,3.0169,0.1717,0.565,0.5333,60,1.6979,0.18762,23926.9153,-16104.9,3.0325
POSTREND_20260209_225058_a1980fef,51566e521f6d,20,200,0.9,0.5,False,0.3,tqqq,0.05,0.0,1,minute,TQQQPositionTrendAlgorithm,OPT_20260209_223748,4.2953,0.1585,0.532,0.4895,239,1.6353,0.2289,9582.2415,-5619.4668,2.4027
POSTREND_20260209_225141_3dcd697c,a53dbf98e8e5,20,200,0.95,0.6,True,0.3,tqqq,0.05,0.0,1,minute,TQQQPositionTrendAlgorithm,OPT_20260209_223748,2.8112,0.1088,0.496,0.4365,126,1.4021,0.17992,18001.7429,-9945.927,1.8198
POSTREND_20260209_225216_c7482bfc,6f299db2d747,20,250,0.9,0.5,True,0.3,tqqq,0.05,0.0,1,minute,TQQQPositionTrendAlgorithm,OPT_20260209_223748,2.3801,0.0926,0.55,0.4219,128,1.3446,0.16254000000000002,17369.0424,-9426.3904,1.3359
POSTREND_20260209_225248_fab1e1d7,71cea8c45288,20,250,0.9,0.5,True,0.3,tqqq,0.05,0.0,3,minute,TQQQPositionTrendAlgorithm,OPT_20260209_223748,4.0516000000000005,0.1579,0.512,0.5538,65,1.6507,0.22175999999999998,29704.7894,-22338.4255,2.5172
POSTREND_20260209_225325_26a1ba7e,b05449d05c40,100,200,0.9,0.5,True,0.3,tqqq,0.05,0.0,1,minute,TQQQPositionTrendAlgorithm,OPT_20260209_223748,1.7782,0.1314,0.575,0.4521,73,1.6943,0.13468,12199.66,-5940.4472,2.8896
POSTREND_20260209_225400_d8a05610,3440563204f3,100,200,0.9,0.5,True,0.3,tqqq,0.05,0.0,5,minute,TQQQPositionTrendAlgorithm,OPT_20260209_223748,1.324,0.0673,0.742,0.3947,38,1.3337,0.10991,15683.6347,-7669.4309,0.9876
POSTREND_20260209_225441_04ebb0b8,15368ebafab1,100,200,0.9,0.5,False,0.5,tqqq,0.05,0.0,1,minute,TQQQPositionTrendAlgorithm,OPT_20260209_223748,2.7628,0.1635,0.594,0.5581,129,1.7284,0.17806,6566.411,-4798.7633,1.9063
POSTREND_20260209_225520_2bfa1178,b1b9a4e2a4cf,100,250,0.9,0.5,True,0.3,tqqq,0.05,0.0,1,minute,TQQQPositionTrendAlgorithm,OPT_20260209_223748,1.524,0.1123,0.575,0.4667,75,1.5236,0.1213,11700.2306,-6719.5162,1.7478
POSTREND_20260209_225600_36233d5a,483f7a7dc478,100,250,0.9,0.5,True,0.3,tqqq,0.05,0.0,3,minute,TQQQPositionTrendAlgorithm,OPT_20260209_223748,1.8675,0.073,0.7340000000000001,0.4884,43,1.3546,0.13913,16938.7343,-11936.3282,1.1796
POSTREND_20260209_225633_efe21286,41874312e35b,50,150,0.9,0.5,True,0.3,tqqq,0.05,0.0,1,minute,TQQQPositionTrendAlgorithm,OPT_20260209_223748,2.6641000000000004,0.1203,0.48100000000000004,0.4318,88,1.5743,0.17419,19107.155,-9223.8474,3.3308
POSTREND_20260209_225708_37c8b304,0b044b79be35,50,150,0.9,0.5,True,0.3,tqqq,0.05,0.0,3,minute,TQQQPositionTrendAlgorithm,OPT_20260209_223748,1.374,0.1179,0.604,0.413,46,1.4503,0.11284000000000001,24201.95,-11743.1385,1.9327
POSTREND_20260209_225750_7941844c,315d89661eef,50,150,0.95,0.6,False,0.3,tqqq,0.05,0.0,1,minute,TQQQPositionTrendAlgorithm,OPT_20260209_223748,2.9256,0.1543,0.594,0.4843,159,1.6638,0.18424,9566.1053,-5399.07,3.7859
POSTREND_20260209_225827_b3908b51,6f807a7f7368,50,200,1.0,0.5,True,0.3,tqqq,0.05,0.0,1,minute,TQQQPositionTrendAlgorithm,OPT_20260209_223748,3.0378,0.126,0.489,0.3837,86,1.6489,0.18838000000000002,23248.7355,-8779.1745,3.2567
POSTREND_20260209_225904_17525e49,0619d0e4823f,50,200,0.9,0.5,True,0.5,sqqq,0.05,0.0,1,minute,TQQQPositionTrendAlgorithm,OPT_20260209_223748,2.6462,0.1288,0.455,0.4,85,1.6495,0.17348,19652.91,-7943.0833,3.2862
POSTREND_20260209_231438_ec0baf0d,06fa7d58340d,50,250,0.9,0,True,0,tqqq,0.05,0,1,minute,TQQQPositionTrendAlgorithm,OPT_20260209_231438,6.267799999999999,0.1957,0.42700000000000005,0.4211,57,2.2016,0.27797,47618.3121,-15730.1006,4.8165
POSTREND_20260209_231825_5a8c82ba,94196b59b9b9,50,250,0.9,0,True,0,tqqq,0.05,0,1,minute,TQQQPositionTrendAlgorithm,OPT_20260209_231825,0.38159999999999994,0.058,0.552,0.4386,57,1.1969,0.03655,9279.4428,-6056.9484,0.6387
POSTREND_20260209_231959_e143cca9,60f8ed83e37f,50,250,0.9,0,True,0,tqqq,0.05,0,1,minute,TQQQPositionTrendAlgorithm,OPT_20260209_231959,2.0531,0.2777,0.365,0.5,20,3.35,0.45037999999999995,22379.194,-6680.303,5.6413
POSTREND_20260209_232045_622159ee,ac8b6820ac9d,50,250,0.9,0,True,0,tqqq,0.05,0,1,minute,TQQQPositionTrendAlgorithm,OPT_20260209_232044,4.4531,0.1963,0.42700000000000005,0.4444,45,2.0712,0.32037999999999994,43051.179,-16628.524,4.3002
POSTREND_20260209_232127_b2bcdc7a,d3ddccac2afc,50,250,0.9,0,True,0,tqqq,0.05,0,1,minute,TQQQPositionTrendAlgorithm,OPT_20260209_232127,7.4963,0.131,0.546,0.4248,113,1.8487,0.14205,34018.549,-13588.6929,4.6459
POSTREND_20260209_232418_74ac0f38,94196b59b9b9,50,250,0.9,0,True,0,tqqq,0.05,0,1,minute,TQQQPositionTrendAlgorithm,OPT_20260209_232418,0.38159999999999994,0.058,0.552,0.4386,57,1.1969,0.03655,9279.4428,-6056.9484,0.6387
POSTREND_20260209_232550_55379656,60f8ed83e37f,50,250,0.9,0,True,0,tqqq,0.05,0,1,minute,TQQQPositionTrendAlgorithm,OPT_20260209_232550,2.0531,0.2777,0.365,0.5,20,3.35,0.45037999999999995,22379.194,-6680.303,5.6413
POSTREND_20260209_232635_c54beb01,ac8b6820ac9d,50,250,0.9,0,True,0,tqqq,0.05,0,1,minute,TQQQPositionTrendAlgorithm,OPT_20260209_232635,4.4531,0.1963,0.42700000000000005,0.4444,45,2.0712,0.32037999999999994,43051.179,-16628.524,4.3002
POSTREND_20260209_232724_23a48b1d,d3ddccac2afc,50,250,0.9,0,True,0,tqqq,0.05,0,1,minute,TQQQPositionTrendAlgorithm,OPT_20260209_232724,7.4963,0.131,0.546,0.4248,113,1.8487,0.14205,34018.549,-13588.6929,4.6459
POSTREND_20260209_234150_115da161,21a891492f21,50,200,0.9,0,True,0,tqqq,0.05,0,1,minute,TQQQPositionTrendAlgorithm,OPT_20260209_234150,0.9534999999999999,0.097,0.5770000000000001,0.4483,58,1.3513,0.07719999999999999,14106.6885,-8482.1278,1.0069
POSTREND_20260209_234253_13322dfd,9607e697a3a8,50,200,0.9,0,True,0,tqqq,0.05,0,1,minute,TQQQPositionTrendAlgorithm,OPT_20260209_234252,1.2714,0.2001,0.365,0.4545,22,2.2831,0.31428999999999996,16226.837,-5922.8525,2.9026
POSTREND_20260209_234326_200f8bdf,74cba9966631,50,200,0.9,0,True,0,tqqq,0.05,0,1,minute,TQQQPositionTrendAlgorithm,OPT_20260209_234326,4.5889,0.212,0.409,0.4651,43,2.0768,0.32571,44253.5675,-18529.5191,5.0017
POSTREND_20260209_234414_3b5aa6ad,92db05837e18,50,200,0.9,0,True,0,tqqq,0.05,0,1,minute,TQQQPositionTrendAlgorithm,OPT_20260209_234414,10.2674,0.1413,0.5710000000000001,0.4336,113,1.8633,0.16224,45225.211,-18582.7536,5.5508
POSTREND_20260209_235106_6ea53297,f19005731e41,50,200,0.9,0,False,0,tqqq,0.05,0,1,minute,TQQQPositionTrendAlgorithm,OPT_20260209_235106,0.9534999999999999,0.0917,0.5770000000000001,0.4462,65,1.3513,0.07719999999999999,12647.3507,-7539.6458,1.0069
POSTREND_20260209_235229_99f4209c,6ea06c025b8f,50,200,0.9,0,False,0,tqqq,0.05,0,1,minute,TQQQPositionTrendAlgorithm,OPT_20260209_235229,1.2714,0.1878,0.365,0.4,25,2.2831,0.31428999999999996,16226.725,-4738.3107,2.9026
POSTREND_20260209_235323_5200e858,5625135e03a2,50,200,0.9,0,False,0,tqqq,0.05,0,1,minute,TQQQPositionTrendAlgorithm,OPT_20260209_235323,4.5889,0.2005,0.409,0.4375,48,2.0768,0.32571,42146.1776,-15784.2826,5.0017
POSTREND_20260209_235503_135216d5,a584ba4c3e25,50,200,0.9,0,False,0,tqqq,0.05,0,1,minute,TQQQPositionTrendAlgorithm,OPT_20260209_235503,10.2673,0.1354,0.5710000000000001,0.4309,123,1.8633,0.16224,41811.8043,-16989.8774,5.5508
