OutcomeId,BacktestId,StrategyId,StartDate,EndDate,TradingDays,ParametersJson,TotalReturn,CAGR,SharpeRatio,SortinoRatio,CalmarRatio,MaxDrawdown,MaxDrawdownDuration,Volatility,VaR_95,TotalTrades,WinningTrades,LosingTrades,WinRate,ProfitFactor,TotalProfit,TotalLoss,AverageWin,AverageLoss,LargestWin,LargestLoss,Expectancy,ExpectancyRatio,PrimaryRegime,RegimeBreakdown,PerformanceGrade,IsSuccessful,ExecutionTimeSeconds,CreatedAt,Notes,OptimizationRunId
13073,POSTREND_20260207_212908_d6f0a086,POSITION_TREND,6/1/2018,1/14/2026,NULL,"{""sma_fast"": 50, ""sma_slow"": 200, ""bull_allocation"": 0.9, ""bear_allocation"": 0.0, ""use_cash_zone"": true, ""mixed_allocation"": 0.3, ""mixed_instrument"": ""tqqq"", ""rebalance_threshold"": 0.05, ""max_drawdown_exit"": 0.0, ""confirmation_days"": 1, ""bear_confirmation_days"": 5, ""bear_sma_margin"": 0.02, ""bear_momentum_lookback"": 10, ""algorithm_name"": ""TQQQPositionTrendAlgorithm""}",8.0157,0.3341,0.3509,1.3833,12.8358,0.388,NULL,0.003,NULL,51,26,25,0.5098,3.7172,1128341.87,303546.52,43397.7642,12141.8608,160670.25,37694.98,16172.24,1.3319,NULL,NULL,C ,0,35,29:44.0,Profitable (801.6%) | Grade:C,OPT_20260207_212908
13074,POSTREND_20260207_212944_a2ec2c64,POSITION_TREND,6/1/2018,1/14/2026,NULL,"{""sma_fast"": 50, ""sma_slow"": 200, ""bull_allocation"": 0.9, ""bear_allocation"": 0.3, ""use_cash_zone"": true, ""mixed_allocation"": 0.3, ""mixed_instrument"": ""tqqq"", ""rebalance_threshold"": 0.05, ""max_drawdown_exit"": 0.0, ""confirmation_days"": 1, ""bear_confirmation_days"": 3, ""bear_sma_margin"": 0.02, ""bear_momentum_lookback"": 10, ""algorithm_name"": ""TQQQPositionTrendAlgorithm""}",7.2955,0.3196,0.2938,1.1224,10.5024,0.388,NULL,0.0031,NULL,68,35,33,0.5147,3.0583,1115740.22,364824.7,31878.292,11055.2939,147839.25,34132.96,11042.6228,0.9989,NULL,NULL,C ,0,35,30:19.2,Profitable (729.5%) | Grade:C,OPT_20260207_212908
13075,POSTREND_20260207_213019_303f5e98,POSITION_TREND,6/1/2018,1/14/2026,NULL,"{""sma_fast"": 50, ""sma_slow"": 200, ""bull_allocation"": 0.9, ""bear_allocation"": 0.3, ""use_cash_zone"": true, ""mixed_allocation"": 0.3, ""mixed_instrument"": ""tqqq"", ""rebalance_threshold"": 0.05, ""max_drawdown_exit"": 0.0, ""confirmation_days"": 1, ""bear_confirmation_days"": 5, ""bear_sma_margin"": 0.02, ""bear_momentum_lookback"": 10, ""algorithm_name"": ""TQQQPositionTrendAlgorithm""}",7.1007,0.3155,0.2847,1.1052,10.9495,0.388,NULL,0.0031,NULL,67,33,34,0.4925,2.9705,1101869.24,370933.66,33389.977,10909.8135,146940.26,35505.96,10907.8333,0.9998,NULL,NULL,C ,0,39,30:58.5,Profitable (710.1%) | Grade:C,OPT_20260207_212908
13076,POSTREND_20260207_213058_9e67efd8,POSITION_TREND,6/1/2018,1/14/2026,NULL,"{""sma_fast"": 50, ""sma_slow"": 200, ""bull_allocation"": 0.9, ""bear_allocation"": 0.3, ""use_cash_zone"": true, ""mixed_allocation"": 0.3, ""mixed_instrument"": ""tqqq"", ""rebalance_threshold"": 0.05, ""max_drawdown_exit"": 0.0, ""confirmation_days"": 1, ""bear_confirmation_days"": 7, ""bear_sma_margin"": 0.02, ""bear_momentum_lookback"": 10, ""algorithm_name"": ""TQQQPositionTrendAlgorithm""}",8.0866,0.3354,0.3064,1.2269,11.7363,0.388,NULL,0.0031,NULL,64,32,32,0.5,3.3779,1181978.74,349919.5,36936.8356,10934.9844,164648.36,39786.51,13000.9256,1.1889,NULL,NULL,C ,0,37,31:35.9,Profitable (808.7%) | Grade:C,OPT_20260207_212908
13077,POSTREND_20260207_213135_bbc87579,POSITION_TREND,6/1/2018,1/14/2026,NULL,"{""sma_fast"": 50, ""sma_slow"": 200, ""bull_allocation"": 0.9, ""bear_allocation"": 0.3, ""use_cash_zone"": true, ""mixed_allocation"": 0.3, ""mixed_instrument"": ""tqqq"", ""rebalance_threshold"": 0.05, ""max_drawdown_exit"": 0.0, ""confirmation_days"": 1, ""bear_confirmation_days"": 5, ""bear_sma_margin"": 0.0, ""bear_momentum_lookback"": 10, ""algorithm_name"": ""TQQQPositionTrendAlgorithm""}",6.7431,0.3077,0.2759,1.0591,9.6312,0.388,NULL,0.0031,NULL,68,33,35,0.4853,2.8336,1072881.71,378626.82,32511.567,10817.9091,142526.42,34439.31,10209.8857,0.9438,NULL,NULL,C ,0,31,32:07.1,Profitable (674.3%) | Grade:C,OPT_20260207_212908
13078,POSTREND_20260207_213207_fa43ee59,POSITION_TREND,6/1/2018,1/14/2026,NULL,"{""sma_fast"": 50, ""sma_slow"": 200, ""bull_allocation"": 0.9, ""bear_allocation"": 0.3, ""use_cash_zone"": true, ""mixed_allocation"": 0.3, ""mixed_instrument"": ""tqqq"", ""rebalance_threshold"": 0.05, ""max_drawdown_exit"": 0.0, ""confirmation_days"": 1, ""bear_confirmation_days"": 5, ""bear_sma_margin"": 0.03, ""bear_momentum_lookback"": 10, ""algorithm_name"": ""TQQQPositionTrendAlgorithm""}",7.5226,0.3243,0.3,1.1602,12.3015,0.388,NULL,0.0031,NULL,66,33,33,0.5,3.2425,1119446.48,345239.61,33922.6206,10461.8064,151885.5,35634.08,11730.4071,1.1213,NULL,NULL,C ,0,27,32:34.3,Profitable (752.3%) | Grade:C,OPT_20260207_212908
13079,POSTREND_20260207_213234_49cb5f6d,POSITION_TREND,6/1/2018,1/14/2026,NULL,"{""sma_fast"": 50, ""sma_slow"": 200, ""bull_allocation"": 0.9, ""bear_allocation"": 0.3, ""use_cash_zone"": true, ""mixed_allocation"": 0.3, ""mixed_instrument"": ""tqqq"", ""rebalance_threshold"": 0.05, ""max_drawdown_exit"": 0.0, ""confirmation_days"": 1, ""bear_confirmation_days"": 5, ""bear_sma_margin"": 0.05, ""bear_momentum_lookback"": 10, ""algorithm_name"": ""TQQQPositionTrendAlgorithm""}",7.127,0.316,0.2887,1.0683,11.1306,0.388,NULL,0.0031,NULL,65,33,32,0.5077,2.9895,1102380.13,368744.51,33405.4585,11523.2659,147766.76,35706.48,11287.0475,0.9795,NULL,NULL,C ,0,31,33:05.5,Profitable (712.7%) | Grade:C,OPT_20260207_212908
13080,POSTREND_20260207_213305_ccfea04e,POSITION_TREND,6/1/2018,1/14/2026,NULL,"{""sma_fast"": 50, ""sma_slow"": 200, ""bull_allocation"": 0.9, ""bear_allocation"": 0.3, ""use_cash_zone"": true, ""mixed_allocation"": 0.3, ""mixed_instrument"": ""tqqq"", ""rebalance_threshold"": 0.05, ""max_drawdown_exit"": 0.0, ""confirmation_days"": 1, ""bear_confirmation_days"": 5, ""bear_sma_margin"": 0.02, ""bear_momentum_lookback"": 5, ""algorithm_name"": ""TQQQPositionTrendAlgorithm""}",7.1688,0.3169,0.29,1.0844,8.9658,0.411,NULL,0.0031,NULL,69,33,36,0.4783,3.2352,1068069.65,330144.98,32365.747,9170.6939,145577.25,33676.22,10696.1858,1.1663,NULL,NULL,C ,0,31,33:36.8,Profitable (716.9%) | Grade:C,OPT_20260207_212908
13081,POSTREND_20260207_213336_39aefd9a,POSITION_TREND,6/1/2018,1/14/2026,NULL,"{""sma_fast"": 50, ""sma_slow"": 200, ""bull_allocation"": 0.9, ""bear_allocation"": 0.3, ""use_cash_zone"": true, ""mixed_allocation"": 0.3, ""mixed_instrument"": ""tqqq"", ""rebalance_threshold"": 0.05, ""max_drawdown_exit"": 0.0, ""confirmation_days"": 1, ""bear_confirmation_days"": 5, ""bear_sma_margin"": 0.02, ""bear_momentum_lookback"": 20, ""algorithm_name"": ""TQQQPositionTrendAlgorithm""}",5.7523,0.2844,0.2604,0.9,7.512,0.405,NULL,0.0031,NULL,67,31,36,0.4627,2.6999,941243.45,348621.63,30362.6919,9683.9342,129539.9,33840.9,8845.6397,0.9134,NULL,NULL,C ,0,39,34:16.0,Profitable (575.2%) | Grade:C,OPT_20260207_212908
13082,POSTREND_20260207_213416_5f96d43f,POSITION_TREND,6/1/2018,1/14/2026,NULL,"{""sma_fast"": 50, ""sma_slow"": 200, ""bull_allocation"": 0.9, ""bear_allocation"": 0.5, ""use_cash_zone"": true, ""mixed_allocation"": 0.3, ""mixed_instrument"": ""tqqq"", ""rebalance_threshold"": 0.05, ""max_drawdown_exit"": 0.0, ""confirmation_days"": 1, ""bear_confirmation_days"": 3, ""bear_sma_margin"": 0.02, ""bear_momentum_lookback"": 10, ""algorithm_name"": ""TQQQPositionTrendAlgorithm""}",6.6017,0.3046,0.2812,0.9789,8.6573,0.412,NULL,0.0033,NULL,68,36,32,0.5294,2.7072,1077904.94,398157.59,29941.8039,12442.4247,135476.25,32427.15,9995.7859,0.8034,NULL,NULL,C ,0,29,34:45.4,Profitable (660.2%) | Grade:C,OPT_20260207_212908
13083,POSTREND_20260207_213445_13fcdab9,POSITION_TREND,6/1/2018,1/14/2026,NULL,"{""sma_fast"": 50, ""sma_slow"": 200, ""bull_allocation"": 0.9, ""bear_allocation"": 0.5, ""use_cash_zone"": true, ""mixed_allocation"": 0.3, ""mixed_instrument"": ""tqqq"", ""rebalance_threshold"": 0.05, ""max_drawdown_exit"": 0.0, ""confirmation_days"": 1, ""bear_confirmation_days"": 5, ""bear_sma_margin"": 0.02, ""bear_momentum_lookback"": 10, ""algorithm_name"": ""TQQQPositionTrendAlgorithm""}",6.4218,0.3005,0.2664,0.9465,7.9532,0.388,NULL,0.0032,NULL,67,33,34,0.4925,2.5959,1075672.39,414373.05,32596.133,12187.4426,140249.17,33890.66,9868.4684,0.8097,NULL,NULL,C ,0,35,35:20.7,Profitable (642.2%) | Grade:C,OPT_20260207_212908
13084,POSTREND_20260207_213520_316db9d3,POSITION_TREND,6/1/2018,1/14/2026,NULL,"{""sma_fast"": 50, ""sma_slow"": 200, ""bull_allocation"": 0.9, ""bear_allocation"": 0.5, ""use_cash_zone"": true, ""mixed_allocation"": 0.3, ""mixed_instrument"": ""tqqq"", ""rebalance_threshold"": 0.05, ""max_drawdown_exit"": 0.0, ""confirmation_days"": 1, ""bear_confirmation_days"": 7, ""bear_sma_margin"": 0.02, ""bear_momentum_lookback"": 10, ""algorithm_name"": ""TQQQPositionTrendAlgorithm""}",7.8341,0.3305,0.2941,1.1332,8.8109,0.388,NULL,0.0032,NULL,66,34,32,0.5152,3.1443,1182125.6,375962.32,34768.4,11748.8225,165167.11,39911.84,12216.8505,1.0398,NULL,NULL,C ,0,31,35:51.9,Profitable (783.4%) | Grade:C,OPT_20260207_212908
13085,POSTREND_20260207_213551_2f12da18,POSITION_TREND,6/1/2018,1/14/2026,NULL,"{""sma_fast"": 50, ""sma_slow"": 200, ""bull_allocation"": 0.9, ""bear_allocation"": 0.5, ""use_cash_zone"": true, ""mixed_allocation"": 0.3, ""mixed_instrument"": ""tqqq"", ""rebalance_threshold"": 0.05, ""max_drawdown_exit"": 0.0, ""confirmation_days"": 1, ""bear_confirmation_days"": 5, ""bear_sma_margin"": 0.0, ""bear_momentum_lookback"": 10, ""algorithm_name"": ""TQQQPositionTrendAlgorithm""}",5.7462,0.2843,0.2538,0.8724,6.6906,0.394,NULL,0.0032,NULL,67,33,34,0.4925,2.4162,1010008.71,418017.73,30606.3245,12294.6391,130718.1,32765.48,8834.0855,0.7185,NULL,NULL,C ,0,29,36:21.1,Profitable (574.6%) | Grade:C,OPT_20260207_212908
13086,POSTREND_20260207_213621_2a6d2399,POSITION_TREND,6/1/2018,1/14/2026,NULL,"{""sma_fast"": 50, ""sma_slow"": 200, ""bull_allocation"": 0.9, ""bear_allocation"": 0.5, ""use_cash_zone"": true, ""mixed_allocation"": 0.3, ""mixed_instrument"": ""tqqq"", ""rebalance_threshold"": 0.05, ""max_drawdown_exit"": 0.0, ""confirmation_days"": 1, ""bear_confirmation_days"": 5, ""bear_sma_margin"": 0.03, ""bear_momentum_lookback"": 10, ""algorithm_name"": ""TQQQPositionTrendAlgorithm""}",7.1516,0.3166,0.2897,1.0594,10.9556,0.388,NULL,0.0032,NULL,68,35,33,0.5147,2.975,1108889.41,372734.84,31682.5546,11294.9952,145275,33743.06,10825.5497,0.9584,NULL,NULL,C ,0,29,36:50.3,Profitable (715.2%) | Grade:C,OPT_20260207_212908
13087,POSTREND_20260207_213650_e3c1a9c6,POSITION_TREND,6/1/2018,1/14/2026,NULL,"{""sma_fast"": 50, ""sma_slow"": 200, ""bull_allocation"": 0.9, ""bear_allocation"": 0.5, ""use_cash_zone"": true, ""mixed_allocation"": 0.3, ""mixed_instrument"": ""tqqq"", ""rebalance_threshold"": 0.05, ""max_drawdown_exit"": 0.0, ""confirmation_days"": 1, ""bear_confirmation_days"": 5, ""bear_sma_margin"": 0.05, ""bear_momentum_lookback"": 10, ""algorithm_name"": ""TQQQPositionTrendAlgorithm""}",6.5098,0.3025,0.2705,0.8546,8.1152,0.388,NULL,0.0032,NULL,65,33,32,0.5077,2.6256,1082668.81,412345.47,32808.1458,12885.7959,141796.65,48337.28,10313.0183,0.8003,NULL,NULL,C ,0,35,37:25.5,Profitable (651.0%) | Grade:C,OPT_20260207_212908
13088,POSTREND_20260207_213725_553cbc7b,POSITION_TREND,6/1/2018,1/14/2026,NULL,"{""sma_fast"": 50, ""sma_slow"": 200, ""bull_allocation"": 0.9, ""bear_allocation"": 0.5, ""use_cash_zone"": true, ""mixed_allocation"": 0.3, ""mixed_instrument"": ""tqqq"", ""rebalance_threshold"": 0.05, ""max_drawdown_exit"": 0.0, ""confirmation_days"": 1, ""bear_confirmation_days"": 5, ""bear_sma_margin"": 0.02, ""bear_momentum_lookback"": 5, ""algorithm_name"": ""TQQQPositionTrendAlgorithm""}",6.5717,0.3039,0.279,1.0319,7.1901,0.448,NULL,0.0032,NULL,70,34,36,0.4857,2.9538,1022999.36,346331.63,30088.2165,9620.3231,134940,31200.36,9666.1146,1.0048,NULL,NULL,C ,0,33,37:59.0,Profitable (657.2%) | Grade:C,OPT_20260207_212908
13089,POSTREND_20260207_213758_7c11d300,POSITION_TREND,6/1/2018,1/14/2026,NULL,"{""sma_fast"": 50, ""sma_slow"": 200, ""bull_allocation"": 0.9, ""bear_allocation"": 0.5, ""use_cash_zone"": true, ""mixed_allocation"": 0.3, ""mixed_instrument"": ""tqqq"", ""rebalance_threshold"": 0.05, ""max_drawdown_exit"": 0.0, ""confirmation_days"": 1, ""bear_confirmation_days"": 5, ""bear_sma_margin"": 0.02, ""bear_momentum_lookback"": 20, ""algorithm_name"": ""TQQQPositionTrendAlgorithm""}",4.4148,0.2478,0.2245,0.6552,4.9733,0.447,NULL,0.0033,NULL,69,33,36,0.4783,2.2615,816456.95,361026.84,24741.1197,10028.5233,110978.94,45071.72,6601.7969,0.6583,NULL,NULL,C ,0,29,38:28.5,Profitable (441.5%) | Grade:C,OPT_20260207_212908
13090,POSTREND_20260207_213828_4be7a1aa,POSITION_TREND,6/1/2018,1/14/2026,NULL,"{""sma_fast"": 50, ""sma_slow"": 200, ""bull_allocation"": 0.9, ""bear_allocation"": 0.7, ""use_cash_zone"": true, ""mixed_allocation"": 0.3, ""mixed_instrument"": ""tqqq"", ""rebalance_threshold"": 0.05, ""max_drawdown_exit"": 0.0, ""confirmation_days"": 1, ""bear_confirmation_days"": 3, ""bear_sma_margin"": 0.02, ""bear_momentum_lookback"": 10, ""algorithm_name"": ""TQQQPositionTrendAlgorithm""}",5.8552,0.287,0.2645,0.7848,6.9177,0.446,NULL,0.0035,NULL,67,35,32,0.5224,2.4096,1031079.17,427902.88,29459.4049,13371.965,122167.5,41301.68,9003.1426,0.6733,NULL,NULL,C ,0,31,38:59.7,Profitable (585.5%) | Grade:C,OPT_20260207_212908
13091,POSTREND_20260207_213859_a978d66c,POSITION_TREND,6/1/2018,1/14/2026,NULL,"{""sma_fast"": 50, ""sma_slow"": 200, ""bull_allocation"": 0.9, ""bear_allocation"": 0.7, ""use_cash_zone"": true, ""mixed_allocation"": 0.3, ""mixed_instrument"": ""tqqq"", ""rebalance_threshold"": 0.05, ""max_drawdown_exit"": 0.0, ""confirmation_days"": 1, ""bear_confirmation_days"": 5, ""bear_sma_margin"": 0.02, ""bear_momentum_lookback"": 10, ""algorithm_name"": ""TQQQPositionTrendAlgorithm""}",5.6974,0.2831,0.2452,0.7404,6.1198,0.392,NULL,0.0034,NULL,67,32,35,0.4776,2.2981,1039174.4,452187.53,32474.2,12919.6437,131641.31,39978.75,8760.4561,0.6781,NULL,NULL,C ,0,31,39:30.8,Profitable (569.7%) | Grade:C,OPT_20260207_212908
13092,POSTREND_20260207_213930_abfae464,POSITION_TREND,6/1/2018,1/14/2026,NULL,"{""sma_fast"": 50, ""sma_slow"": 200, ""bull_allocation"": 0.9, ""bear_allocation"": 0.7, ""use_cash_zone"": true, ""mixed_allocation"": 0.3, ""mixed_instrument"": ""tqqq"", ""rebalance_threshold"": 0.05, ""max_drawdown_exit"": 0.0, ""confirmation_days"": 1, ""bear_confirmation_days"": 7, ""bear_sma_margin"": 0.02, ""bear_momentum_lookback"": 10, ""algorithm_name"": ""TQQQPositionTrendAlgorithm""}",7.6187,0.3262,0.2896,1.0341,6.9637,0.395,NULL,0.0033,NULL,64,32,32,0.5,2.9426,1187686.65,403618.5,37115.2078,12613.0781,166802.52,40307.3,12251.0648,0.9713,NULL,NULL,C ,0,33,40:04.2,Profitable (761.9%) | Grade:C,OPT_20260207_212908
13093,POSTREND_20260207_214004_11b97ea1,POSITION_TREND,6/1/2018,1/14/2026,NULL,"{""sma_fast"": 50, ""sma_slow"": 200, ""bull_allocation"": 0.9, ""bear_allocation"": 0.7, ""use_cash_zone"": true, ""mixed_allocation"": 0.3, ""mixed_instrument"": ""tqqq"", ""rebalance_threshold"": 0.05, ""max_drawdown_exit"": 0.0, ""confirmation_days"": 1, ""bear_confirmation_days"": 5, ""bear_sma_margin"": 0.0, ""bear_momentum_lookback"": 10, ""algorithm_name"": ""TQQQPositionTrendAlgorithm""}",4.9256,0.2626,0.2295,0.6583,4.9858,0.416,NULL,0.0034,NULL,66,32,34,0.4848,2.114,963658.24,455838.58,30114.32,13407.0171,120738.61,42368.7,7692.1271,0.5737,NULL,NULL,C ,0,29,40:33.5,Profitable (492.6%) | Grade:C,OPT_20260207_212908
13094,POSTREND_20260207_214033_797f0058,POSITION_TREND,6/1/2018,1/14/2026,NULL,"{""sma_fast"": 50, ""sma_slow"": 200, ""bull_allocation"": 0.9, ""bear_allocation"": 0.7, ""use_cash_zone"": true, ""mixed_allocation"": 0.3, ""mixed_instrument"": ""tqqq"", ""rebalance_threshold"": 0.05, ""max_drawdown_exit"": 0.0, ""confirmation_days"": 1, ""bear_confirmation_days"": 5, ""bear_sma_margin"": 0.03, ""bear_momentum_lookback"": 10, ""algorithm_name"": ""TQQQPositionTrendAlgorithm""}",6.5482,0.3034,0.2802,0.9253,9.7416,0.394,NULL,0.0034,NULL,66,32,34,0.4848,2.6955,1071923.52,397664.6,33497.61,11696.0176,134520.75,39598,10213.8531,0.8733,NULL,NULL,C ,0,31,41:04.7,Profitable (654.8%) | Grade:C,OPT_20260207_212908
13095,POSTREND_20260207_214104_16d0dedd,POSITION_TREND,6/1/2018,1/14/2026,NULL,"{""sma_fast"": 50, ""sma_slow"": 200, ""bull_allocation"": 0.9, ""bear_allocation"": 0.7, ""use_cash_zone"": true, ""mixed_allocation"": 0.3, ""mixed_instrument"": ""tqqq"", ""rebalance_threshold"": 0.05, ""max_drawdown_exit"": 0.0, ""confirmation_days"": 1, ""bear_confirmation_days"": 5, ""bear_sma_margin"": 0.05, ""bear_momentum_lookback"": 10, ""algorithm_name"": ""TQQQPositionTrendAlgorithm""}",5.7883,0.2853,0.2476,0.6401,6.2058,0.391,NULL,0.0034,NULL,65,32,33,0.4923,2.323,1047060.76,450746.01,32720.6488,13658.97,133654.79,63792.05,9173.7163,0.6716,NULL,NULL,C ,0,31,41:36.0,Profitable (578.8%) | Grade:C,OPT_20260207_212908
13096,POSTREND_20260207_214135_82a734f2,POSITION_TREND,6/1/2018,1/14/2026,NULL,"{""sma_fast"": 50, ""sma_slow"": 200, ""bull_allocation"": 0.9, ""bear_allocation"": 0.7, ""use_cash_zone"": true, ""mixed_allocation"": 0.3, ""mixed_instrument"": ""tqqq"", ""rebalance_threshold"": 0.05, ""max_drawdown_exit"": 0.0, ""confirmation_days"": 1, ""bear_confirmation_days"": 5, ""bear_sma_margin"": 0.02, ""bear_momentum_lookback"": 5, ""algorithm_name"": ""TQQQPositionTrendAlgorithm""}",5.9438,0.2892,0.2692,0.9691,5.8134,0.484,NULL,0.0033,NULL,69,33,36,0.4783,2.6983,972782.38,360521.19,29478.2539,10014.4775,123747,30403.73,8874.8959,0.8862,NULL,NULL,C ,0,31,42:07.2,Profitable (594.4%) | Grade:C,OPT_20260207_212908
13097,POSTREND_20260207_214207_61f0f19b,POSITION_TREND,6/1/2018,1/14/2026,NULL,"{""sma_fast"": 50, ""sma_slow"": 200, ""bull_allocation"": 0.9, ""bear_allocation"": 0.7, ""use_cash_zone"": true, ""mixed_allocation"": 0.3, ""mixed_instrument"": ""tqqq"", ""rebalance_threshold"": 0.05, ""max_drawdown_exit"": 0.0, ""confirmation_days"": 1, ""bear_confirmation_days"": 5, ""bear_sma_margin"": 0.02, ""bear_momentum_lookback"": 20, ""algorithm_name"": ""TQQQPositionTrendAlgorithm""}",3.1789,0.2062,0.1883,0.4506,3.3451,0.496,NULL,0.0035,NULL,67,30,37,0.4478,1.9057,691521.83,362868.14,23050.7277,9807.247,92567.44,54422.5,4906.5541,0.5003,NULL,NULL,C ,0,29,42:36.4,Profitable (317.9%) | Grade:C,OPT_20260207_212908
13098,POSTREND_20260207_214236_3d377bb7,POSITION_TREND,6/1/2018,1/14/2026,NULL,"{""sma_fast"": 50, ""sma_slow"": 200, ""bull_allocation"": 0.9, ""bear_allocation"": 0.9, ""use_cash_zone"": true, ""mixed_allocation"": 0.3, ""mixed_instrument"": ""tqqq"", ""rebalance_threshold"": 0.05, ""max_drawdown_exit"": 0.0, ""confirmation_days"": 1, ""bear_confirmation_days"": 3, ""bear_sma_margin"": 0.02, ""bear_momentum_lookback"": 10, ""algorithm_name"": ""TQQQPositionTrendAlgorithm""}",4.8232,0.2598,0.2395,0.6088,5.3031,0.486,NULL,0.0037,NULL,65,32,33,0.4923,2.1259,939019.1,441702.14,29344.3469,13384.9133,103779,46194.38,7650.7015,0.5716,NULL,NULL,C ,0,35,43:11.6,Profitable (482.3%) | Grade:C,OPT_20260207_212908
13099,POSTREND_20260207_214311_2cea1a9a,POSITION_TREND,6/1/2018,1/14/2026,NULL,"{""sma_fast"": 50, ""sma_slow"": 200, ""bull_allocation"": 0.9, ""bear_allocation"": 0.9, ""use_cash_zone"": true, ""mixed_allocation"": 0.3, ""mixed_instrument"": ""tqqq"", ""rebalance_threshold"": 0.05, ""max_drawdown_exit"": 0.0, ""confirmation_days"": 1, ""bear_confirmation_days"": 5, ""bear_sma_margin"": 0.02, ""bear_momentum_lookback"": 10, ""algorithm_name"": ""TQQQPositionTrendAlgorithm""}",4.8218,0.2597,0.2212,0.5692,4.7805,0.441,NULL,0.0036,NULL,64,30,34,0.4688,2.031,979377.13,482206.42,32645.9043,14182.5418,120712.23,52162.75,7770.6337,0.5479,NULL,NULL,C ,0,31,43:42.8,Profitable (482.2%) | Grade:C,OPT_20260207_212908
13100,POSTREND_20260207_214342_a8ce2ef8,POSITION_TREND,6/1/2018,1/14/2026,NULL,"{""sma_fast"": 50, ""sma_slow"": 200, ""bull_allocation"": 0.9, ""bear_allocation"": 0.9, ""use_cash_zone"": true, ""mixed_allocation"": 0.3, ""mixed_instrument"": ""tqqq"", ""rebalance_threshold"": 0.05, ""max_drawdown_exit"": 0.0, ""confirmation_days"": 1, ""bear_confirmation_days"": 7, ""bear_sma_margin"": 0.02, ""bear_momentum_lookback"": 10, ""algorithm_name"": ""TQQQPositionTrendAlgorithm""}",7.0964,0.3154,0.2782,0.8879,5.5987,0.445,NULL,0.0035,NULL,62,30,32,0.4839,2.7211,1154919.89,424431.08,38497.3297,13263.4713,164323.03,45707.55,11783.5803,0.8884,NULL,NULL,C ,0,29,44:12.0,Profitable (709.6%) | Grade:C,OPT_20260207_212908
13101,POSTREND_20260207_214412_ae001b9e,POSITION_TREND,6/1/2018,1/14/2026,NULL,"{""sma_fast"": 50, ""sma_slow"": 200, ""bull_allocation"": 0.9, ""bear_allocation"": 0.9, ""use_cash_zone"": true, ""mixed_allocation"": 0.3, ""mixed_instrument"": ""tqqq"", ""rebalance_threshold"": 0.05, ""max_drawdown_exit"": 0.0, ""confirmation_days"": 1, ""bear_confirmation_days"": 5, ""bear_sma_margin"": 0.0, ""bear_momentum_lookback"": 10, ""algorithm_name"": ""TQQQPositionTrendAlgorithm""}",4.0076,0.2351,0.1991,0.4812,3.7773,0.467,NULL,0.0036,NULL,64,30,34,0.4688,1.8557,897069.58,483409.39,29902.3193,14217.9232,108859.94,49109.18,6465.6465,0.4548,NULL,NULL,C ,0,29,44:41.4,Profitable (400.8%) | Grade:C,OPT_20260207_212908
13102,POSTREND_20260207_214441_3cdb3dcd,POSITION_TREND,6/1/2018,1/14/2026,NULL,"{""sma_fast"": 50, ""sma_slow"": 200, ""bull_allocation"": 0.9, ""bear_allocation"": 0.9, ""use_cash_zone"": true, ""mixed_allocation"": 0.3, ""mixed_instrument"": ""tqqq"", ""rebalance_threshold"": 0.05, ""max_drawdown_exit"": 0.0, ""confirmation_days"": 1, ""bear_confirmation_days"": 5, ""bear_sma_margin"": 0.03, ""bear_momentum_lookback"": 10, ""algorithm_name"": ""TQQQPositionTrendAlgorithm""}",5.8947,0.288,0.2669,0.7583,7.5528,0.432,NULL,0.0036,NULL,64,31,33,0.4844,2.4502,1025941.11,418712.89,33094.8745,12688.2694,122869.5,51782,9489.0855,0.7479,NULL,NULL,C ,0,33,45:14.6,Profitable (589.5%) | Grade:C,OPT_20260207_212908
13103,POSTREND_20260207_214514_11e88599,POSITION_TREND,6/1/2018,1/14/2026,NULL,"{""sma_fast"": 50, ""sma_slow"": 200, ""bull_allocation"": 0.9, ""bear_allocation"": 0.9, ""use_cash_zone"": true, ""mixed_allocation"": 0.3, ""mixed_instrument"": ""tqqq"", ""rebalance_threshold"": 0.05, ""max_drawdown_exit"": 0.0, ""confirmation_days"": 1, ""bear_confirmation_days"": 5, ""bear_sma_margin"": 0.05, ""bear_momentum_lookback"": 10, ""algorithm_name"": ""TQQQPositionTrendAlgorithm""}",4.9587,0.2636,0.2237,0.4879,4.8469,0.439,NULL,0.0036,NULL,62,30,32,0.4839,2.0596,993679.87,482464.69,33122.6623,15077.0216,123306.02,75676.72,8246.8054,0.547,NULL,NULL,C ,0,25,45:39.8,Profitable (495.9%) | Grade:C,OPT_20260207_212908
13104,POSTREND_20260207_214539_7b3bebe1,POSITION_TREND,6/1/2018,1/14/2026,NULL,"{""sma_fast"": 50, ""sma_slow"": 200, ""bull_allocation"": 0.9, ""bear_allocation"": 0.9, ""use_cash_zone"": true, ""mixed_allocation"": 0.3, ""mixed_instrument"": ""tqqq"", ""rebalance_threshold"": 0.05, ""max_drawdown_exit"": 0.0, ""confirmation_days"": 1, ""bear_confirmation_days"": 5, ""bear_sma_margin"": 0.02, ""bear_momentum_lookback"": 5, ""algorithm_name"": ""TQQQPositionTrendAlgorithm""}",5.1728,0.2694,0.2535,0.8657,4.6515,0.52,NULL,0.0035,NULL,68,32,36,0.4706,2.4413,903113.97,369935.54,28222.3116,10275.9872,110009.25,29683.34,7841.3122,0.7631,NULL,NULL,C ,0,35,46:15.0,Profitable (517.3%) | Grade:C,OPT_20260207_212908
13105,POSTREND_20260207_214614_ce4367c5,POSITION_TREND,6/1/2018,1/14/2026,NULL,"{""sma_fast"": 50, ""sma_slow"": 200, ""bull_allocation"": 0.9, ""bear_allocation"": 0.9, ""use_cash_zone"": true, ""mixed_allocation"": 0.3, ""mixed_instrument"": ""tqqq"", ""rebalance_threshold"": 0.05, ""max_drawdown_exit"": 0.0, ""confirmation_days"": 1, ""bear_confirmation_days"": 5, ""bear_sma_margin"": 0.02, ""bear_momentum_lookback"": 20, ""algorithm_name"": ""TQQQPositionTrendAlgorithm""}",2.2651,0.1678,0.1564,0.3185,2.3601,0.537,NULL,0.0038,NULL,62,28,34,0.4516,1.6519,595283.07,360364.24,21260.1096,10598.9482,78033.44,57935.22,3788.6023,0.3575,NULL,NULL,C ,0,27,46:42.2,Profitable (226.5%) | Grade:C,OPT_20260207_212908
